0.65,-0.53,C2
0.53,0.42,C3
0.66,-0.6,C2
0.68,-0.03,C2
-0.39,-0.52,C2
0.88,0.03,C3
0.85,-0.94,C2
-0.82,-0.3,C2
-0.58,-0.62,C2
0.08,0.74,C3
-0.2,-0.41,C2
0.61,-0.55,C2
-0.09,-0.67,C2
-0.41,0.66,C1
0.47,-0.88,C2
0.25,-0.34,C2
-0.93,0.12,C2
0.32,-0.81,C2
0.51,0.41,C3
-0.66,-0.64,C2
-0.04,-0.29,C2
-0.88,-0.94,C2
-0.66,0.91,C1
-0.2,0.06,C2
0.98,0.35,C3
0.17,0.04,C2
0.85,0.84,C3
-0.24,-0.22,C2
-0.82,0.03,C2
0.53,0.11,C2
0.69,0.89,C3
-0.37,0.3,C2
-0.89,-0.29,C2
-0.42,0.64,C1
-0.27,0.22,C2
-0.38,-0.22,C2
-0.82,-0.19,C2
0.42,-0.49,C2
0.13,-0.56,C2
-0.62,-0.63,C2
-0.45,0.23,C2
-0.93,-0.91,C2
0.83,0.93,C3
0.26,-0.03,C2
-0.8,-0.53,C2
-0.07,-0.73,C2
-0.58,0.38,C2
-0.83,-0.3,C2
-0.86,0.13,C2
0.25,-0.9,C2
-0.36,0.1,C2
-0.69,0.21,C2
-0.19,0.76,C1
-0.18,-0.11,C2
-0.57,-0.72,C2
0.31,0.84,C3
0.29,0.62,C3
1.0,0.05,C3
0.23,0.14,C2
-0.8,0.84,C1
1.0,-0.16,C3
0.15,-0.52,C2
-0.1,0.82,C3
-0.66,-0.62,C2
-0.93,-0.8,C2
-0.91,0.84,C1
0.57,0.59,C3
0.23,0.05,C2
-0.68,0.73,C1
-0.06,0.68,C1
0.28,-0.03,C2
-0.72,0.18,C2
0.62,-0.76,C2
0.68,0.85,C3
-0.01,0.4,C2
-0.95,0.8,C1
-0.86,-0.96,C2
0.24,0.92,C3
0.27,0.07,C2
0.31,0.33,C2
0.14,0.03,C2
0.54,-0.64,C2
0.73,-0.25,C2
0.25,0.94,C3
-0.43,0.66,C1
0.92,-0.24,C2
-0.53,-0.48,C2
0.72,-0.02,C3
0.32,0.35,C2
-0.38,-0.12,C2
0.05,-0.31,C2
0.95,0.75,C3
-0.72,0.43,C2
-0.15,-0.35,C2
-0.32,-0.61,C2
-0.66,0.41,C2
0.63,0.68,C3
-0.44,-0.25,C2
-0.19,-0.15,C2
-0.92,0.87,C1
-0.35,0.38,C2
-0.46,-0.75,C2
0.24,0.53,C3
-0.67,0.44,C2
0.18,-0.08,C2
0.92,0.28,C3
-0.83,-0.76,C2
0.23,-0.43,C2
-0.5,-0.41,C2
1.0,0.35,C3
0.95,-0.64,C2
-0.4,0.68,C1
0.69,-0.94,C2
-0.33,-0.9,C2
0.17,-0.49,C2
0.76,-0.58,C2
0.94,0.26,C3
0.87,0.58,C3
0.0,0.13,C2
0.54,-0.42,C2
0.21,0.47,C2
-0.29,0.72,C1
0.85,0.73,C3
-0.88,-0.62,C2
0.4,-0.93,C2
0.67,0.02,C2
0.5,-0.17,C2
-0.46,-0.21,C2
-0.84,0.15,C2
-0.97,0.03,C2
0.74,0.07,C3
-0.12,-0.78,C2
-0.46,-0.66,C2
-0.9,0.9,C1
-0.13,0.34,C2
-0.1,-0.08,C2
0.36,0.86,C3
0.17,-0.13,C2
0.37,0.28,C2
-0.3,-0.56,C2
-0.97,0.15,C2
-0.73,-0.59,C2
0.82,-0.86,C2
-0.4,-0.86,C2
-0.5,0.35,C2
-0.32,0.24,C2
0.56,-0.49,C2
0.5,0.55,C3
0.91,0.95,C3
0.87,-0.15,C3
-0.8,0.22,C2
0.51,0.59,C3
0.85,-0.41,C2
0.19,-0.64,C2
0.14,0.37,C2
0.13,-0.21,C2
-0.45,0.65,C1
-0.02,-0.72,C2
0.29,-0.63,C2
-0.44,0.17,C2
-0.35,0.21,C2
0.83,-0.85,C2
-0.98,0.63,C1
0.87,0.26,C3
-0.15,0.92,C3
-0.17,-0.39,C2
-0.01,0.58,C1
-0.57,-0.19,C2
0.91,-0.91,C2
0.56,0.31,C3
0.04,0.61,C1
-1.0,-0.44,C2
-0.25,-0.35,C2
-0.12,0.56,C1
-0.6,0.74,C1
-0.75,0.44,C2
-0.96,0.36,C2
-0.75,0.61,C1
-0.29,0.64,C1
0.79,-0.24,C2
0.73,-0.82,C2
-0.33,-0.72,C2
0.2,0.31,C2
-0.01,0.99,C3
-0.8,-0.39,C2
-0.13,0.48,C2
0.07,0.45,C2
-0.97,0.98,C1
0.29,0.35,C2
-0.04,-0.82,C2
0.44,0.2,C2
-0.19,-0.25,C2
-0.42,-0.29,C2
-0.17,0.66,C1
0.99,-0.81,C2
0.74,-0.74,C2
-0.92,-0.02,C2
0.37,0.58,C3
-0.99,-0.56,C2
-0.79,-0.92,C2
0.66,-0.05,C2
-0.14,0.91,C3
0.04,0.7,C3
0.89,0.08,C3
-0.22,-0.18,C2
-0.93,0.89,C1
-0.45,-0.92,C2
0.33,-0.85,C2
-0.35,0.92,C1
-0.84,-0.56,C2
0.18,-0.26,C2
-0.21,-0.81,C2
-0.66,-0.46,C2
0.92,-0.11,C3
0.96,-0.32,C2
-0.99,0.48,C2
0.99,-0.11,C3
0.56,-0.74,C2
-0.46,0.98,C1
0.29,-0.9,C2
0.61,0.83,C3
0.52,0.77,C3
0.24,0.92,C3
-0.9,-0.02,C2
0.28,0.06,C2
-0.75,0.03,C2
0.45,-0.73,C2
-0.92,-0.14,C2
0.06,0.23,C2
-0.67,-0.42,C2
0.0,-0.25,C2
0.61,-0.61,C2
-0.44,-0.57,C2
-0.16,0.55,C1
1.0,0.05,C3
-0.66,-0.43,C2
0.62,0.65,C3
0.75,0.63,C3
-0.77,0.44,C2
0.22,-0.28,C2
0.14,-0.33,C2
0.34,-0.5,C2
-0.68,-0.55,C2
0.2,0.22,C2
-0.73,0.29,C2
1.0,-0.34,C2
0.54,0.2,C3
0.71,-0.44,C2
-0.02,-0.22,C2
0.72,0.62,C3
0.9,-0.01,C3
-0.95,-0.85,C2
-0.51,-0.12,C2
0.73,-0.81,C2
-0.17,0.54,C1
0.75,-0.07,C2
0.82,-0.1,C3
-0.16,0.94,C3
-0.08,0.19,C2
-0.78,0.95,C1
-0.85,0.0,C2
0.41,0.82,C3
0.28,-1.0,C2
0.79,0.53,C3
-0.88,-0.95,C2
-0.82,-0.9,C2
0.23,-0.68,C2
0.14,-0.96,C2
0.97,0.29,C3
-0.81,0.11,C2
-0.35,0.62,C1
-0.68,-0.98,C2
0.92,-0.92,C2
0.34,-0.4,C2
-0.22,0.45,C2
-0.59,0.61,C1
-0.91,-0.59,C2
-0.71,-0.34,C2
0.03,0.65,C1
0.32,-0.73,C2
-0.3,-0.21,C2
-0.39,0.9,C1
-0.96,-0.06,C2
0.98,-0.75,C2
-0.08,0.61,C1
0.81,0.86,C3
-0.29,0.85,C1
-0.8,-0.95,C2
0.37,0.39,C3
-0.29,0.11,C2
0.43,-0.36,C2
-0.25,0.05,C2
-0.11,0.56,C1
-0.07,-0.64,C2
-0.52,-0.02,C2
0.94,0.3,C3
-0.55,-0.79,C2
0.86,-0.61,C2
0.15,1.0,C3
-0.12,0.38,C2
-0.95,-0.54,C2
0.17,-0.68,C2
0.05,-0.32,C2
0.87,-0.62,C2
-0.37,-0.08,C2
0.36,-0.29,C2
0.52,0.21,C3
0.14,0.06,C2
0.36,-0.83,C2
-0.95,0.63,C1
-0.2,-0.44,C2
0.66,-0.72,C2
-0.29,-0.82,C2
-0.12,0.03,C2
-0.9,0.62,C1
0.49,-0.7,C2
0.54,0.12,C2
0.57,-0.69,C2
0.65,-0.55,C2
-0.93,0.41,C2
-0.94,0.91,C1
0.54,0.62,C3
-0.24,0.71,C1
0.33,-0.91,C2
-0.81,0.91,C1
0.9,-0.04,C3
0.19,-0.21,C2
-1.0,0.94,C1
0.72,-0.95,C2
0.0,-0.37,C2
-0.85,0.53,C1
-0.49,-0.68,C2
-0.62,0.43,C2
0.74,-0.15,C2
0.86,-0.88,C2
-0.69,0.1,C2
-0.76,-0.75,C2
0.77,0.47,C3
0.37,0.26,C2
-0.38,0.33,C2
-0.95,-0.86,C2
0.72,0.2,C3
-0.61,0.54,C1
0.11,0.6,C3
0.3,0.09,C2
0.75,0.22,C3
0.57,0.55,C3
-0.41,0.24,C2
-0.42,0.66,C1
0.34,-0.66,C2
0.18,-0.83,C2
0.84,0.55,C3
-0.64,-0.7,C2
0.37,-0.28,C2
-0.72,-0.66,C2
0.2,0.81,C3
0.04,-0.88,C2
-0.37,0.47,C2
1.0,-0.51,C2
0.9,0.01,C3
-0.82,0.83,C1
0.32,0.36,C2
0.99,-0.04,C3
0.42,0.95,C3
0.09,0.38,C2
-0.64,-0.56,C2
-0.54,-0.41,C2
-0.86,-0.5,C2
0.68,0.9,C3
-0.9,-0.71,C2
0.01,-0.01,C2
-0.71,-0.16,C2
-0.57,-0.21,C2
-0.26,0.42,C2
-0.17,0.1,C2
-0.93,0.71,C1
-0.2,0.09,C2
-0.38,-0.81,C2
-0.01,0.82,C3
-0.85,-0.21,C2
-0.46,-0.66,C2
0.39,-0.13,C2
-0.44,0.03,C2
0.88,-0.28,C2
-0.05,0.64,C1
0.86,-0.87,C2
-0.84,0.4,C2
-0.99,-0.43,C2
0.65,0.04,C2
0.77,-0.3,C2
0.08,0.15,C2
0.26,-0.18,C2
-0.34,0.77,C1
0.94,-0.12,C3
0.76,0.06,C3
0.91,-0.37,C2
0.77,-0.63,C2
0.65,0.96,C3
0.34,-0.91,C2
0.28,-0.55,C2
-0.04,0.46,C2
0.56,0.93,C3
0.56,0.88,C3
0.91,0.75,C3
0.58,0.48,C3
0.86,-0.07,C3
0.48,-0.01,C2
0.97,-0.76,C2
0.25,-0.61,C2
0.21,-0.2,C2
0.05,-0.44,C2
0.68,0.6,C3
0.15,0.27,C2
0.96,-0.9,C2
-0.8,-0.3,C2
0.08,0.67,C3
0.06,0.42,C2
-0.97,-0.12,C2
0.17,0.2,C2
0.31,0.72,C3
0.16,-0.3,C2
0.89,-0.2,C2
-0.69,-0.6,C2
0.66,-0.66,C2
0.5,0.43,C3
-0.17,0.17,C2
-0.81,-0.99,C2
-0.72,-0.49,C2
0.7,0.72,C3
0.53,-0.08,C2
-0.14,-0.3,C2
-0.12,0.41,C2
-0.22,0.78,C1
-0.94,0.5,C1
0.54,-0.7,C2
-0.72,0.56,C1
-0.75,0.07,C2
-1.0,0.61,C1
0.38,0.03,C2
-0.29,0.09,C2
-0.29,0.36,C2
-0.81,0.29,C2
-0.72,0.77,C1
0.66,-0.97,C2
-0.04,-0.78,C2
0.62,0.34,C3
0.7,0.46,C3
0.98,-0.07,C3
0.4,0.33,C3
-0.47,-0.42,C2
-0.02,-0.53,C2
-0.58,0.44,C2
0.81,0.03,C3
0.57,-0.88,C2
0.85,0.57,C3
0.35,0.6,C3
-0.87,0.54,C1
-0.33,-0.61,C2
-0.38,-0.51,C2
-0.63,-0.53,C2
-0.28,-0.01,C2
-0.02,0.45,C2
-0.56,0.75,C1
0.73,0.94,C3
-0.33,-0.06,C2
0.68,-0.9,C2
-0.57,-0.25,C2
-0.65,0.2,C2
-0.66,-0.1,C2
0.53,0.66,C3
0.06,-0.56,C2
-0.33,0.14,C2
0.97,-0.29,C2
-0.65,0.96,C1
0.19,-0.26,C2
-0.71,0.35,C2
0.43,0.87,C3
-0.73,0.2,C2
-0.76,0.63,C1
-0.67,-0.38,C2
0.48,0.45,C3
-0.59,0.31,C2
-0.1,0.91,C3
-0.13,0.07,C2
0.63,0.2,C3
0.95,-0.37,C2
0.2,0.22,C2
-0.53,-0.41,C2
0.02,-0.6,C2
0.23,0.75,C3
-0.62,0.38,C2
0.58,0.61,C3
-0.47,0.34,C2
-0.8,-0.15,C2
-0.75,0.55,C1
0.09,-0.24,C2
0.59,-0.26,C2
-0.26,-0.17,C2
-0.31,0.63,C1
-0.06,0.64,C1
-0.2,-0.58,C2
-0.9,0.26,C2
-0.09,0.65,C1
0.19,0.35,C2
0.8,-0.97,C2
-0.84,-0.69,C2
-0.11,0.95,C3
-0.19,0.49,C2
0.44,0.39,C3
-0.42,-0.62,C2
0.56,0.55,C3
0.22,-0.31,C2
0.47,0.05,C2
-0.65,0.85,C1
0.16,-0.8,C2
0.29,0.98,C3
0.62,0.4,C3
0.79,0.75,C3
-0.17,0.26,C2
-0.22,-0.33,C2
-0.82,-0.27,C2
-0.75,0.01,C2
-0.31,0.84,C1
0.41,0.2,C2
-0.54,0.51,C1
0.28,-0.45,C2
0.5,0.59,C3
-0.96,0.28,C2
0.05,0.67,C3
-0.75,0.37,C2
-0.72,0.53,C1
-0.13,-0.03,C2
-0.9,0.16,C2
0.02,-0.32,C2
-1.0,-0.34,C2
0.53,-0.53,C2
-0.32,-0.02,C2
0.99,-0.2,C3
-0.71,0.43,C2
0.25,0.19,C2
-0.65,-0.34,C2
0.91,-0.08,C3
0.46,-0.96,C2
0.69,0.76,C3
-0.38,0.75,C1
-0.53,-0.45,C2
-0.28,-0.46,C2
-0.13,-0.12,C2
0.41,0.18,C2
0.09,-0.24,C2
-0.75,0.48,C2
0.91,-0.48,C2
-0.86,0.0,C2
-0.14,-0.64,C2
0.05,-0.99,C2
-0.47,0.18,C2
0.8,-0.78,C2
0.47,0.61,C3
0.05,0.25,C2
0.34,-0.39,C2
-0.28,-0.56,C2
-0.04,0.07,C2
0.7,0.98,C3
0.64,-0.98,C2
0.09,0.33,C2
0.98,-0.08,C3
0.42,0.86,C3
-0.65,0.18,C2
0.08,-0.15,C2
-0.32,-0.01,C2
0.72,0.69,C3
-0.21,-0.19,C2
0.59,-0.03,C2
-0.21,0.92,C3
0.71,0.33,C3
0.81,-0.68,C2
-0.92,0.31,C2
-0.47,-0.37,C2
0.49,0.6,C3
0.21,0.73,C3
0.49,-0.83,C2
0.11,0.66,C3
-0.42,-0.31,C2
-0.96,-0.52,C2
0.47,0.34,C3
0.42,-0.08,C2
-0.86,-0.88,C2
-0.71,0.09,C2
-0.37,0.08,C2
-0.17,-0.25,C2
-0.29,-0.02,C2
0.76,0.11,C3
-0.41,0.94,C1
-0.14,-0.52,C2
0.5,-0.29,C2
-0.4,-0.57,C2
-0.47,-0.15,C2
-0.54,-0.19,C2
-0.9,0.36,C2
0.69,-0.28,C2
-0.83,-0.33,C2
-0.28,-0.73,C2
0.08,0.1,C2
-0.51,0.47,C2
-0.31,-0.88,C2
0.85,0.84,C3
-0.44,-0.47,C2
-0.72,-0.39,C2
-0.68,0.86,C1
-0.27,1.0,C3
0.15,0.12,C2
-0.19,1.0,C3
0.82,0.46,C3
-0.01,-0.46,C2
0.67,-0.75,C2
0.21,0.5,C3
-0.23,0.86,C1
0.94,0.61,C3
0.26,-0.87,C2
-0.2,0.6,C1
0.07,-0.96,C2
-0.58,-0.15,C2
-0.1,-0.96,C2
-0.02,-0.55,C2
0.55,0.7,C3
0.18,0.42,C2
-0.7,0.45,C2
-0.4,0.24,C2
-0.07,-0.09,C2
0.51,-0.31,C2
0.2,-0.2,C2
0.46,-0.89,C2
0.08,0.86,C3
0.85,0.0,C3
-0.48,0.76,C1
-0.41,-0.17,C2
0.85,-0.83,C2
0.27,0.21,C2
0.68,0.59,C3
-0.43,-0.17,C2
-0.08,-0.4,C2
-0.04,0.54,C1
-0.58,0.88,C1
0.93,0.59,C3
0.09,0.35,C2
-0.21,0.48,C2
0.67,-0.81,C2
-0.05,-0.46,C2
0.13,0.54,C1
-0.07,-0.33,C2
-0.83,0.9,C1
0.41,-0.6,C2
0.14,0.29,C2
0.02,0.9,C3
-0.11,-0.33,C2
-0.1,-0.93,C2
-0.49,-0.08,C2
-0.09,0.56,C1
0.34,-0.83,C2
-0.83,-0.98,C2
0.05,-0.99,C2
-0.91,-0.53,C2
-0.11,0.71,C1
-0.58,0.75,C1
-0.35,0.31,C2
0.21,-0.75,C2
0.52,0.93,C3
-0.65,0.29,C2
-0.03,0.58,C1
-0.27,0.91,C1
0.6,0.73,C3
0.5,0.97,C3
0.03,0.1,C2
-0.43,0.97,C1
-0.2,-0.79,C2
-0.97,-0.86,C2
-0.65,0.66,C1
0.05,-0.1,C2
0.13,0.73,C3
-0.41,-0.5,C2
0.18,0.58,C3
-0.19,0.54,C1
0.53,0.8,C3
0.8,-0.24,C2
0.04,0.71,C3
-0.68,-0.4,C2
0.5,-0.17,C2
0.53,-0.71,C2
-0.96,0.94,C1
0.8,0.48,C3
0.48,0.83,C3
-0.81,-0.55,C2
-0.22,-0.51,C2
0.87,-0.69,C2
0.72,-0.68,C2
0.64,0.59,C3
0.65,-0.02,C2
0.98,0.94,C3
-0.35,-0.11,C2
-0.74,-0.32,C2
0.24,0.86,C3
0.85,-0.11,C3
0.74,-0.56,C2
-0.68,0.04,C2
-0.81,-0.03,C2
-0.41,0.11,C2
-0.11,0.06,C2
0.69,-0.12,C2
0.2,-0.46,C2
-0.09,-0.52,C2
0.55,-0.54,C2
0.94,-0.43,C2
-0.46,0.27,C2
0.81,0.32,C3
0.8,0.88,C3
0.51,-0.58,C2
0.96,0.78,C3
-0.38,-0.76,C2
-0.69,0.38,C2
0.3,0.8,C3
-0.51,-0.78,C2
0.88,-0.77,C2
-0.26,0.71,C1
0.03,-0.6,C2
-0.4,0.62,C1
-0.42,0.73,C1
-0.55,-0.08,C2
-0.51,0.82,C1
0.54,-0.94,C2
-0.49,0.57,C1
0.6,-0.64,C2
-0.09,0.54,C1
0.19,-0.2,C2
0.15,-0.54,C2
-0.22,-0.12,C2
-0.62,-0.08,C2
0.68,-0.86,C2
-0.45,0.75,C1
0.14,0.45,C2
0.01,-0.03,C2
-0.51,0.76,C1
-0.35,-0.51,C2
-0.47,0.8,C1
-0.45,0.2,C2
0.82,-0.69,C2
-0.69,0.69,C1
-0.38,0.48,C2
0.99,0.12,C3
0.39,-0.02,C2
0.01,0.33,C2
0.39,0.79,C3
0.94,0.71,C3
-0.44,-0.17,C2
0.47,0.38,C3
-0.67,0.11,C2
-0.75,-0.46,C2
0.52,0.12,C2
0.82,0.22,C3
-0.6,0.63,C1
0.11,1.0,C3
0.74,0.52,C3
0.94,0.4,C3
0.92,-0.64,C2
-0.77,-0.2,C2
0.22,-0.91,C2
0.49,0.03,C2
0.7,0.89,C3
0.16,-0.41,C2
-0.56,0.56,C1
0.68,0.92,C3
0.15,-0.47,C2
-0.47,-0.64,C2
0.48,-0.5,C2
-0.25,0.67,C1
0.31,0.17,C2
0.41,0.47,C3
0.16,0.74,C3
0.75,-0.6,C2
-0.29,0.43,C2
0.1,-0.47,C2
-0.06,0.76,C1
-0.89,-0.52,C2
0.5,-0.63,C2
0.86,-0.92,C2
-0.49,0.45,C2
0.67,0.62,C3
0.15,0.66,C3
-0.25,0.43,C2
0.49,0.22,C3
0.36,-0.6,C2
-0.75,-0.2,C2
0.4,-0.29,C2
0.31,0.28,C2
-0.62,-0.88,C2
-0.85,0.65,C1
0.29,-0.99,C2
-0.29,0.52,C1
-0.99,-0.66,C2
0.24,-0.6,C2
-0.09,0.93,C3
0.41,-0.5,C2
-0.27,0.7,C1
0.39,-0.9,C2
-0.33,0.13,C2
0.55,0.66,C3
0.51,0.65,C3
-0.13,-0.45,C2
0.2,0.03,C2
0.14,0.25,C2
-0.96,0.14,C2
-0.68,-0.38,C2
-0.8,-0.23,C2
-0.39,0.93,C1
0.2,1.0,C3
-0.2,-0.09,C2
0.95,-0.05,C3
0.68,0.83,C3
0.42,0.79,C3
-0.15,-0.94,C2
0.42,0.13,C2
-0.66,0.19,C2
-0.99,-0.4,C2
0.42,0.8,C3
-0.5,0.74,C1
0.25,0.78,C3
0.46,0.07,C2
0.42,-0.44,C2
-0.38,-0.95,C2
0.5,0.66,C3
-0.41,0.24,C2
0.79,-0.59,C2
0.75,0.02,C3
-0.6,-0.79,C2
-0.84,-0.41,C2
0.54,0.61,C3
0.61,0.35,C3
-0.67,-0.32,C2
0.06,0.79,C3
-0.48,0.54,C1
0.0,-0.54,C2
-0.65,0.06,C2
0.37,-0.95,C2
-0.95,0.18,C2
0.67,0.31,C3
0.62,0.61,C3
0.99,0.84,C3
-0.92,0.98,C1
0.95,0.86,C3
-0.31,0.79,C1
-0.08,-0.53,C2
0.32,0.38,C2
-0.67,0.27,C2
0.2,-0.57,C2
-0.1,-0.95,C2
0.89,-0.66,C2
-0.25,-0.27,C2
0.23,-0.9,C2
0.58,-0.12,C2
0.68,-0.56,C2
-0.04,-0.61,C2
-0.98,0.02,C2
-0.2,0.91,C3
0.93,-0.57,C2
0.29,0.89,C3
0.46,-0.81,C2
-0.03,0.26,C2
0.24,0.66,C3
0.72,0.37,C3
-0.55,-0.23,C2
0.98,-0.43,C2
-0.01,-0.07,C2
0.54,-0.77,C2
0.35,-0.72,C2
-0.3,-0.4,C2
-0.68,-0.85,C2
-0.05,-0.5,C2
0.74,-0.38,C2
-0.25,-0.88,C2
-0.57,-0.45,C2
0.33,0.92,C3
1.0,0.72,C3
0.75,-0.98,C2
-0.26,-0.19,C2
-0.6,0.69,C1
-0.55,0.98,C1
0.32,0.44,C3
-0.45,-0.65,C2
-0.8,-0.69,C2
-0.17,-0.4,C2
0.44,-0.26,C2
-0.71,0.53,C1
-0.43,-0.24,C2
0.81,0.73,C3
0.32,-0.33,C2
0.37,0.46,C3
-0.31,-0.16,C2
-0.24,-0.04,C2
0.9,0.91,C3
0.35,-0.91,C2
-0.5,-0.26,C2
-0.34,-0.19,C2
-0.64,0.44,C2
-0.97,-0.17,C2
-0.08,-0.93,C2
0.16,0.76,C3
-0.47,0.07,C2
0.23,0.57,C3
0.07,0.52,C1
0.05,-0.57,C2
0.09,-0.86,C2
0.52,-0.77,C2
-0.37,-0.7,C2
0.06,0.55,C1
0.29,0.16,C2
-0.88,0.9,C1
0.53,0.47,C3
-0.84,-0.44,C2
0.05,-0.88,C2
-1.0,-0.75,C2
0.54,0.81,C3
0.28,0.97,C3
-0.77,1.0,C1
0.19,0.34,C2
0.04,0.39,C2
-0.42,0.7,C1
0.92,0.16,C3
-0.62,0.42,C2
0.3,0.21,C2
-0.06,0.24,C2
0.24,0.05,C2
0.74,-0.61,C2
0.94,0.52,C3
0.54,0.55,C3
0.36,0.25,C2
-0.55,0.21,C2
-0.18,-0.08,C2
-0.72,0.47,C2
-0.61,-0.54,C2
-0.03,0.14,C2
0.73,-0.14,C2
-0.73,-0.42,C2
0.05,0.85,C3
-0.74,0.99,C1
0.29,0.3,C2
0.94,-0.78,C2
0.78,-0.96,C2
-0.72,0.39,C2
0.33,-0.41,C2
-0.01,0.17,C2
0.15,-0.37,C2
0.95,0.81,C3
0.65,0.35,C3
0.69,-0.09,C2
-0.75,-0.58,C2
-0.44,0.56,C1
0.55,0.75,C3
0.77,0.32,C3
0.9,-0.86,C2
0.82,-0.89,C2
0.77,-0.38,C2
-1.0,0.7,C1
0.05,-0.14,C2
0.58,-0.18,C2
-0.5,-0.9,C2
0.7,-0.54,C2
0.31,0.09,C2
-0.21,-0.01,C2
0.27,0.29,C2
-0.84,-0.64,C2
-0.34,-0.05,C2
-0.25,0.39,C2
-0.2,0.26,C2
0.57,0.59,C3
-0.11,0.87,C3
-0.97,0.33,C2
-0.96,0.87,C1
0.4,0.71,C3
0.8,0.79,C3
0.39,-0.58,C2
-0.81,0.98,C1
0.63,-0.89,C2
0.33,0.94,C3
0.0,0.5,C3
0.48,-0.45,C2
0.85,-0.8,C2
-0.95,-0.16,C2
-0.05,0.45,C2
0.66,0.75,C3
-0.39,-0.38,C2
0.0,0.72,C3
0.53,-0.32,C2
0.61,-0.17,C2
-0.34,0.22,C2
0.95,-0.06,C3
-0.93,0.87,C1
0.49,0.62,C3
-0.57,0.05,C2
-0.77,0.67,C1
-0.69,0.61,C1
0.81,-0.81,C2
0.21,-0.3,C2
-0.05,-0.17,C2
-0.87,0.28,C2
-0.63,0.22,C2
0.87,-0.6,C2
0.24,0.99,C3
-0.6,-0.97,C2
0.71,0.62,C3
0.58,0.49,C3
-0.69,-0.4,C2
0.03,-0.68,C2
0.05,-0.87,C2
-0.24,-0.49,C2
0.74,-0.02,C3
0.01,-0.71,C2
-0.36,0.69,C1
0.41,0.33,C3
-0.93,-0.63,C2
0.94,0.73,C3
-0.36,0.47,C2
-0.34,-0.08,C2
-0.08,-0.86,C2
0.34,0.55,C3
0.32,0.97,C3
-0.78,0.63,C1
-0.65,-0.31,C2
0.78,-0.72,C2
0.99,-0.29,C3
-0.13,-0.4,C2
-0.04,0.19,C2
-0.33,0.15,C2
0.32,-0.45,C2
0.25,-0.05,C2
0.05,0.95,C3
0.0,-0.61,C2
0.31,-0.05,C2
-0.33,-0.7,C2
0.82,-0.8,C2
0.32,-0.7,C2
-0.36,0.39,C2
0.04,0.52,C1
0.13,-0.74,C2
-0.31,-0.11,C2
0.5,-0.78,C2
0.45,-0.6,C2
0.29,-0.17,C2
0.91,0.96,C3
-0.71,0.32,C2
0.65,0.59,C3
-0.25,-0.93,C2
0.32,-0.04,C2
0.22,0.35,C2
-0.1,0.06,C2
0.19,-0.02,C2
-0.48,-0.08,C2
0.03,0.33,C2
-0.06,-0.1,C2
-0.76,-0.92,C2
-0.63,0.58,C1
-0.74,-0.04,C2
0.76,-0.48,C2
-0.29,0.74,C1
0.94,-0.16,C3
-0.86,0.1,C2
-0.4,0.14,C2
-0.77,0.65,C1
0.94,0.5,C3
-0.71,-0.16,C2
-0.7,0.32,C2
-0.39,-0.88,C2
0.86,0.53,C3
-0.52,-0.74,C2
-0.55,0.74,C1
0.97,0.25,C3
-0.24,0.14,C2
-0.54,0.65,C1
-0.9,0.26,C2
-0.52,0.31,C2
0.1,-0.99,C2
-0.34,-0.54,C2
0.75,0.7,C3
0.2,0.15,C2
-0.32,-0.53,C2
0.89,-0.02,C3
0.24,-0.97,C2
0.68,-0.06,C2
0.74,0.68,C3
0.52,-0.32,C2
-0.09,-0.09,C2
0.44,-0.03,C2
-0.12,0.1,C2
0.67,-0.36,C2
0.53,0.14,C2
0.11,-0.82,C2
0.26,-0.77,C2
-0.13,-0.18,C2
0.47,-0.28,C2
0.19,0.19,C2
0.11,0.79,C3
0.34,-0.57,C2
-0.22,0.19,C2
0.58,0.09,C2
0.41,0.48,C3
-0.41,0.1,C2
-0.33,-0.96,C2
0.93,-0.71,C2
-0.86,-0.42,C2
0.36,-0.81,C2
0.88,0.07,C3
-0.26,-0.86,C2
0.2,-0.11,C2
0.03,0.25,C2
0.48,0.91,C3
-0.71,0.69,C1
0.62,0.69,C3
0.72,-0.76,C2
-0.36,-0.87,C2
0.49,-0.91,C2
0.54,-0.13,C2
0.91,0.99,C3
0.4,0.7,C3
-0.68,-0.03,C2
-0.48,0.47,C2
0.13,0.14,C2
0.06,-0.04,C2
-0.17,0.47,C2
0.85,-0.33,C2
0.58,0.79,C3
-1.0,-0.1,C2
-0.58,-0.29,C2
0.68,-0.53,C2
0.86,0.91,C3
0.1,-0.26,C2
-0.14,-0.39,C2
0.39,0.98,C3
-0.16,-0.42,C2
0.37,-0.23,C2
0.53,-0.59,C2
-0.81,-0.01,C2
0.78,-0.44,C2
-0.35,0.84,C1
-0.77,-0.49,C2
-0.55,0.9,C1
-0.82,-0.89,C2
-0.52,-0.37,C2
-0.67,0.74,C1
-0.67,-0.88,C2
0.6,0.08,C2
0.59,-0.29,C2
-0.53,-0.37,C2
0.27,0.66,C3
0.7,0.76,C3
-0.22,-0.83,C2
0.15,0.67,C3
0.95,-0.34,C2
0.95,0.77,C3
-0.19,-0.48,C2
-0.41,-0.4,C2
-0.33,0.48,C2
0.53,-0.33,C2
-0.21,0.55,C1
0.08,-0.35,C2
0.71,-0.11,C2
0.2,-0.97,C2
0.07,0.83,C3
0.45,0.36,C3
0.47,0.13,C2
0.02,0.73,C3
-0.83,0.71,C1
0.17,0.51,C1
0.28,-0.35,C2
0.64,0.49,C3
0.41,0.69,C3
-0.85,0.3,C2
0.55,0.51,C3
0.4,0.37,C3
-0.98,0.53,C1
0.19,0.13,C2
-0.16,0.66,C1
-0.92,0.72,C1
0.23,-0.73,C2
0.08,-0.91,C2
-0.42,0.77,C1
0.39,0.79,C3
-0.18,0.34,C2
0.76,0.55,C3
0.02,-0.51,C2
0.33,0.14,C2
-0.46,-0.36,C2
-0.19,-0.05,C2
-0.53,-0.52,C2
0.41,-0.46,C2
0.81,-0.46,C2
-0.62,0.73,C1
-0.45,0.23,C2
0.68,-0.36,C2
0.53,0.81,C3
-0.57,-0.29,C2
-0.72,-0.96,C2
-0.35,-0.05,C2
-0.77,0.55,C1
-0.8,0.44,C2
0.81,0.17,C3
0.88,0.4,C3
0.21,0.37,C2
0.61,0.6,C3
-0.06,-0.84,C2
0.96,0.48,C3
0.19,0.12,C2
-0.08,0.54,C1
-0.42,0.53,C1
0.64,0.34,C3
-0.11,0.18,C2
-0.09,0.17,C2
0.4,-0.52,C2
0.63,-0.52,C2
0.6,-0.91,C2
0.87,0.2,C3
0.08,0.65,C3
-0.79,-0.06,C2
0.45,0.27,C3
0.6,0.15,C3
-0.62,0.07,C2
-0.96,0.35,C2
0.97,0.58,C3
0.51,0.32,C3
0.77,0.61,C3
-0.88,0.61,C1
0.28,-0.64,C2
-0.38,-0.3,C2
-0.38,0.98,C1
0.36,0.54,C3
-0.61,0.9,C1
-0.62,0.53,C1
0.77,-0.3,C2
0.58,-0.61,C2
-0.42,0.32,C2
-0.09,0.91,C3
-0.28,0.61,C1
0.07,0.61,C1
0.69,-0.07,C2
-0.11,0.28,C2
-0.44,0.65,C1
0.46,0.37,C3
-0.9,-0.16,C2
0.59,0.9,C3
-0.66,-0.99,C2
-0.26,-0.42,C2
-0.11,0.37,C2
0.8,0.23,C3
0.73,0.19,C3
0.72,-0.62,C2
-0.11,-0.27,C2
0.38,-0.54,C2
0.01,0.83,C3
0.66,-0.19,C2
0.07,-0.36,C2
0.94,-0.57,C2
-0.5,0.73,C1
0.92,-0.68,C2
-0.72,-0.01,C2
-0.18,-0.42,C2
0.17,-0.87,C2
0.72,0.79,C3
0.81,0.76,C3
0.94,-0.3,C2
-0.28,0.72,C1
0.64,-0.07,C2
0.5,0.21,C3
0.37,0.77,C3
-0.1,-0.22,C2
-0.61,-0.13,C2
0.06,-0.94,C2
0.44,-0.56,C2
-0.95,-0.44,C2
-0.24,0.15,C2
0.23,0.35,C2
-0.76,-0.52,C2
0.7,0.53,C3
-0.11,0.48,C2
0.98,-0.03,C3
0.78,-0.5,C2
-0.87,-0.4,C2
-0.89,-0.07,C2
0.56,0.57,C3
0.97,-0.31,C2
-0.98,-0.41,C2
0.58,0.81,C3
-0.67,-0.26,C2
-0.6,0.16,C2
0.41,0.04,C2
0.54,0.63,C3
0.53,-0.04,C2
-0.53,0.78,C1
-0.26,0.77,C1
-0.37,0.41,C2
0.02,-0.5,C2
-0.97,0.98,C1
-0.66,0.31,C2
-0.02,-0.11,C2
0.78,-0.99,C2
0.65,0.81,C3
-0.69,-0.94,C2
-0.02,0.9,C3
-0.57,-0.68,C2
-0.99,-0.41,C2
0.68,0.77,C3
-0.45,-0.82,C2
-0.52,0.7,C1
0.44,-0.55,C2
-0.06,0.61,C1
-0.34,-0.97,C2
-0.92,-0.28,C2
0.68,-0.02,C2
-0.26,-0.75,C2
-0.87,0.77,C1
0.14,-0.19,C2
-0.89,-0.48,C2
-0.77,0.02,C2
-0.52,-0.69,C2
0.35,0.37,C3
-0.8,-0.42,C2
0.03,0.36,C2
0.6,-0.65,C2
0.34,0.64,C3
-0.13,0.42,C2
-0.1,-0.01,C2
0.13,-0.32,C2
0.61,0.36,C3
0.78,0.61,C3
0.43,0.93,C3
0.18,0.17,C2
-0.98,-0.46,C2
-0.39,-0.52,C2
0.91,-0.84,C2
-0.21,0.11,C2
-0.26,0.83,C1
0.76,-0.06,C2
0.14,-0.31,C2
0.93,-0.18,C3
0.47,-0.59,C2
0.64,-0.49,C2
-0.4,0.15,C2
-0.85,0.78,C1
0.18,-0.73,C2
0.26,0.07,C2
0.59,-0.52,C2
-0.04,0.55,C1
-0.49,-0.21,C2
0.57,-0.6,C2
-0.81,0.68,C1
0.08,0.79,C3
0.6,-0.68,C2
0.12,0.24,C2
-0.28,-0.97,C2
-0.6,-0.78,C2
-0.86,0.51,C1
-0.11,-0.7,C2
0.28,0.87,C3
-0.2,0.88,C1
-0.67,0.44,C2
0.8,-0.42,C2
0.48,-0.35,C2
0.63,0.79,C3
0.06,-0.54,C2
-0.43,0.1,C2
-0.39,0.42,C2
-0.36,0.23,C2
0.52,0.14,C2
-0.3,0.09,C2
0.28,-0.99,C2
-0.11,0.54,C1
0.27,-0.26,C2
-0.86,-0.3,C2
-0.21,-0.14,C2
-0.4,-0.23,C2
0.43,0.28,C3
-0.06,0.37,C2
0.12,0.07,C2
-0.37,-0.2,C2
-0.59,-0.55,C2
0.69,0.93,C3
0.28,0.66,C3
0.42,-0.91,C2
-0.53,-0.94,C2
0.85,-0.94,C2
-0.99,0.54,C1
0.94,0.36,C3
0.8,0.52,C3
0.13,0.43,C2
0.25,-0.77,C2
-0.46,0.4,C2
0.67,-0.84,C2
-0.84,-0.29,C2
-0.35,-0.03,C2
0.24,-0.53,C2
0.85,0.92,C3
0.18,0.51,C1
0.66,0.64,C3
-0.3,-0.4,C2
-0.88,0.84,C1
0.38,-0.85,C2
-0.19,0.57,C1
0.6,-0.38,C2
-0.01,-0.66,C2
-0.46,0.24,C2
-0.82,0.19,C2
-0.53,0.86,C1
-0.03,-0.8,C2
0.1,0.05,C2
0.36,0.27,C2
-0.04,-0.28,C2
-0.35,0.1,C2
-0.5,0.75,C1
0.29,-0.42,C2
-0.44,-0.11,C2
0.7,-0.43,C2
-0.22,0.79,C1
-0.46,0.72,C1
-0.5,-0.76,C2
0.42,0.08,C2
-0.37,0.03,C2
-0.9,0.78,C1
-0.97,-0.77,C2
0.03,-0.71,C2
-0.07,0.21,C2
-0.67,0.02,C2
-0.44,0.76,C1
0.95,0.51,C3
0.72,-0.78,C2
0.41,-0.56,C2
0.47,-0.3,C2
0.42,0.67,C3
-0.06,-0.52,C2
0.41,-0.19,C2
-0.81,-0.65,C2
-0.19,0.46,C2
-0.36,0.71,C1
0.41,-0.18,C2
-0.93,0.43,C2
-0.65,0.46,C2
0.75,-0.36,C2
0.79,-0.69,C2
-0.09,-0.43,C2
0.76,-0.23,C2
-0.74,0.88,C1
-0.5,0.23,C2
-0.22,0.56,C1
-0.6,-0.26,C2
0.49,-0.06,C2
-0.53,-0.69,C2
0.65,-0.8,C2
0.64,-0.59,C2
-0.9,0.98,C1
0.81,-0.11,C3
0.49,-0.01,C2
-0.68,0.39,C2
0.17,0.74,C3
-0.86,-0.59,C2
-0.53,-0.42,C2
-0.58,-0.13,C2
0.94,0.01,C3
-0.28,-0.95,C2
0.23,-0.61,C2
-0.87,-0.88,C2
0.81,0.87,C3
0.41,0.59,C3
0.06,0.82,C3
0.55,0.55,C3
-0.05,-0.17,C2
0.07,0.58,C1
-0.37,-0.25,C2
0.37,0.26,C2
-0.11,0.31,C2
0.58,-0.55,C2
-0.44,0.5,C1
0.2,-0.03,C2
0.51,-0.37,C2
-0.7,-0.36,C2
-0.61,0.61,C1
-0.45,-0.79,C2
-0.44,-0.77,C2
0.34,-0.86,C2
0.79,-0.65,C2
0.48,0.54,C3
0.56,0.91,C3
-0.77,0.73,C1
-0.92,0.51,C1
-0.92,0.83,C1
-0.52,0.98,C1
0.47,0.41,C3
0.34,-0.61,C2
0.27,0.71,C3
0.36,-0.94,C2
-0.23,-0.32,C2
-0.91,-0.43,C2
0.52,-0.43,C2
-0.17,-0.81,C2
0.91,0.63,C3
0.64,-0.94,C2
-0.29,-0.47,C2
0.58,-0.29,C2
-0.81,0.92,C1
0.95,0.69,C3
-0.55,0.76,C1
0.2,-0.24,C2
-0.67,-0.54,C2
0.51,-0.11,C2
1.0,-0.99,C2
0.72,0.96,C3
-0.77,0.64,C1
-0.13,0.57,C1
-0.01,0.73,C3
0.96,0.53,C3
0.48,-0.19,C2
-0.77,0.08,C2
0.59,0.65,C3
-0.4,0.61,C1
-0.21,-0.98,C2
-0.28,-0.19,C2
-0.91,0.24,C2
-0.05,0.68,C1
0.49,-0.22,C2
-0.28,0.7,C1
0.39,0.39,C3
0.11,0.57,C1
0.39,-0.69,C2
-0.64,0.26,C2
-0.39,-0.15,C2
-0.14,-0.34,C2
0.48,-0.6,C2
0.72,0.8,C3
0.07,-0.62,C2
0.74,0.61,C3
0.17,-0.12,C2
-0.55,0.06,C2
-0.49,0.82,C1
0.32,0.45,C3
0.43,0.66,C3
0.76,0.19,C3
1.0,-0.2,C3
-0.74,0.37,C2
0.62,-0.05,C2
-0.35,-0.57,C2
0.91,-0.97,C2
0.99,0.27,C3
0.94,-0.24,C3
0.68,-0.97,C2
-0.91,0.07,C2
0.03,-0.91,C2
-0.28,0.22,C2
0.51,0.67,C3
-0.51,0.54,C1
0.71,0.25,C3
0.72,-0.96,C2
0.45,0.24,C2
-0.03,-0.07,C2
-0.76,0.93,C1
0.89,0.06,C3
0.64,0.35,C3
-1.0,-0.57,C2
-0.06,0.44,C2
0.23,0.5,C3
0.22,0.72,C3
0.68,0.36,C3
0.65,0.17,C3
0.26,-0.48,C2
0.81,0.35,C3
0.34,-0.71,C2
0.61,0.5,C3
0.74,-0.58,C2
0.19,0.29,C2
0.48,0.11,C2
-0.95,-0.74,C2
0.63,0.78,C3
0.35,0.5,C3
0.85,0.18,C3
-0.4,-0.58,C2
-0.13,0.95,C3
0.32,-0.44,C2
-0.12,0.68,C1
-0.93,-0.92,C2
0.79,0.22,C3
0.49,0.62,C3
0.42,-0.58,C2
0.93,-0.19,C3
-0.03,-0.83,C2
-0.62,0.53,C1
-0.57,0.58,C1
-0.46,-0.71,C2
-0.55,0.97,C1
-0.77,-0.28,C2
-0.94,0.95,C1
-0.07,0.9,C3
-0.43,0.54,C1
-0.54,0.1,C2
0.47,-0.32,C2
-0.01,-0.81,C2
-0.48,-0.11,C2
-0.93,-0.95,C2
-0.54,0.67,C1
-0.57,0.92,C1
0.95,0.19,C3
0.42,-0.65,C2
0.39,-0.58,C2
0.61,-0.17,C2
0.87,-0.13,C3
-0.56,-0.13,C2
0.19,-0.57,C2
0.32,-0.08,C2
-0.59,0.02,C2
-0.65,-0.3,C2
-0.56,0.8,C1
-0.88,0.99,C1
0.46,0.6,C3
0.08,-0.47,C2
0.12,0.27,C2
-0.67,0.75,C1
-0.04,-0.03,C2
0.53,-0.06,C2
0.88,0.86,C3
0.89,0.72,C3
0.89,-0.61,C2
0.11,-0.12,C2
0.66,0.39,C3
-0.39,0.28,C2
0.23,0.58,C3
0.0,0.1,C2
0.29,0.66,C3
0.87,-0.16,C3
-0.72,0.46,C2
0.21,0.41,C2
-0.53,-0.6,C2
-0.12,-0.5,C2
0.31,-0.97,C2
-0.75,-0.86,C2
0.95,0.2,C3
0.62,0.42,C3
0.49,-0.9,C2
-0.45,-0.73,C2
-0.86,-0.37,C2
0.61,-0.4,C2
-0.89,-0.12,C2
0.99,-0.33,C2
0.12,0.65,C3
-0.13,-0.52,C2
-0.34,0.24,C2
-0.12,-0.39,C2
-0.45,0.76,C1
0.18,-0.19,C2
-0.71,-0.25,C2
0.71,-0.64,C2
0.01,0.14,C2
-0.96,-0.17,C2
-0.95,0.77,C1
-0.53,-0.85,C2
0.48,-0.37,C2
0.35,0.87,C3
-0.95,-0.05,C2
-0.1,-0.56,C2
-0.53,0.4,C2
-0.73,0.47,C2
-0.91,0.12,C2
0.3,-0.29,C2
-0.03,0.57,C1
-0.97,-0.95,C2
-0.12,-0.41,C2
-0.43,0.89,C1
0.95,-0.3,C2
-1.0,-0.56,C2
-0.28,-0.42,C2
0.15,-0.46,C2
0.24,0.0,C2
0.78,-0.37,C2
-0.18,-0.07,C2
-0.93,-0.23,C2
-0.02,0.28,C2
-0.96,0.39,C2
0.96,-0.37,C2
0.04,-0.07,C2
-0.48,-0.28,C2
-0.16,-0.39,C2
-0.03,-0.36,C2
-0.26,-0.77,C2
0.57,0.63,C3
-0.01,0.89,C3
-0.37,0.99,C1
-0.37,0.31,C2
0.68,-0.38,C2
-0.77,-0.29,C2
1.0,0.73,C3
-0.5,0.67,C1
0.85,-0.03,C3
0.96,0.82,C3
0.22,-0.39,C2
0.04,0.09,C2
-0.11,-0.81,C2
-0.25,0.3,C2
0.38,-0.34,C2
0.79,0.67,C3
-0.68,0.26,C2
0.49,-0.3,C2
0.04,0.19,C2
-0.21,0.45,C2
-0.65,-0.41,C2
-0.66,0.47,C2
0.09,0.61,C3
-0.97,0.93,C1
-0.94,-0.04,C2
-0.42,0.28,C2
-0.7,-0.51,C2
0.11,-0.5,C2
0.31,0.73,C3
-0.27,-0.23,C2
0.47,0.35,C3
-0.91,-0.86,C2
-0.74,-0.02,C2
0.73,0.47,C3
-0.52,-0.79,C2
0.53,0.79,C3
-0.81,-0.05,C2
-0.32,0.77,C1
0.92,0.56,C3
-0.26,0.84,C1
0.38,-0.91,C2
-0.03,-0.22,C2
-0.42,0.47,C2
-0.08,-0.21,C2
0.36,-0.14,C2
0.9,-0.87,C2
0.41,0.18,C2
0.73,-0.84,C2
-0.62,0.1,C2
0.71,-0.71,C2
0.67,0.68,C3
0.82,-0.79,C2
-0.84,-0.93,C2
0.92,0.3,C3
-0.91,0.63,C1
-0.49,-0.35,C2
0.22,-0.88,C2
-0.65,0.43,C2
-0.81,0.03,C2
-0.59,0.74,C1
-0.25,0.03,C2
-0.14,0.43,C2
-0.8,-0.57,C2
-0.95,-0.01,C2
-0.82,0.31,C2
0.65,0.56,C3
0.5,-0.81,C2
-0.24,-0.73,C2
0.45,0.95,C3
0.61,-0.34,C2
-0.35,0.09,C2
0.93,0.75,C3
-0.84,-0.73,C2
-0.45,-0.35,C2
0.23,0.48,C3
-0.21,-0.04,C2
0.11,-0.91,C2
0.15,0.44,C2
-0.78,0.75,C1
0.06,0.06,C2
-0.5,0.62,C1
0.74,-0.99,C2
-0.24,-0.72,C2
0.64,-0.71,C2
-0.83,-0.88,C2
0.61,-0.07,C2
-0.04,0.54,C1
0.32,-0.54,C2
0.42,-0.2,C2
-0.65,-0.65,C2
0.45,0.64,C3
-0.14,-0.42,C2
-0.1,-0.96,C2
0.85,0.31,C3
0.59,-0.96,C2
0.4,0.51,C3
-0.26,-0.24,C2
-0.71,0.19,C2
-0.05,-0.89,C2
0.97,0.88,C3
0.63,0.37,C3
0.04,0.81,C3
0.64,0.84,C3
0.05,0.65,C1
-0.03,-0.47,C2
-0.39,0.88,C1
0.29,-0.33,C2
0.97,0.9,C3
-0.7,-0.03,C2
-0.81,0.44,C2
0.04,-0.33,C2
-0.79,0.93,C1
0.27,0.2,C2
0.18,0.17,C2
-0.11,0.72,C1
-0.58,-0.11,C2
0.16,-0.72,C2
0.9,0.32,C3
-0.23,0.93,C3
-0.95,0.9,C1
0.54,0.51,C3
0.36,-0.24,C2
0.38,0.07,C2
-0.66,-0.07,C2
0.14,-0.66,C2
0.4,-0.68,C2
-0.41,0.21,C2
0.56,0.38,C3
-0.85,0.54,C1
0.71,-0.42,C2
-0.71,-0.08,C2
0.87,0.84,C3
-0.59,0.41,C2
-0.75,-0.86,C2
-0.83,-0.39,C2
0.55,0.48,C3
0.37,0.53,C3
0.62,-0.68,C2
0.43,0.73,C3
0.88,0.92,C3
-0.1,-0.56,C2
-0.48,-0.51,C2
-0.22,0.41,C2
-0.23,0.49,C2
0.2,0.52,C3
0.76,-0.98,C2
0.21,0.86,C3
0.31,-0.2,C2
-0.75,-0.67,C2
-0.98,0.43,C2
-0.1,-0.96,C2
0.08,-0.02,C2
-0.29,0.74,C1
0.19,0.09,C2
0.52,-0.82,C2
-0.45,0.78,C1
0.76,0.16,C3
0.38,-0.42,C2
0.67,-0.36,C2
0.29,-0.14,C2
-0.72,-0.53,C2
0.31,0.73,C3
-0.5,0.17,C2
0.75,0.64,C3
0.18,-0.63,C2
-0.6,0.28,C2
-0.08,-0.65,C2
0.63,0.6,C3
0.21,-0.73,C2
0.15,0.02,C2
-0.15,-0.04,C2
0.11,-0.47,C2
0.6,0.01,C2
0.69,-0.62,C2
-0.62,0.69,C1
0.44,0.53,C3
-0.09,-0.68,C2
0.35,-0.38,C2
-0.98,-0.23,C2
0.18,-0.15,C2
-0.68,-0.87,C2
0.84,-0.29,C2
0.9,-0.09,C3
0.11,-0.8,C2
0.04,-0.19,C2
-0.64,0.52,C1
-0.16,0.1,C2
0.38,-0.35,C2
-0.85,0.37,C2
0.22,-0.99,C2
-0.59,0.93,C1
0.8,-0.17,C2
-0.86,-0.96,C2
0.1,0.59,C1
0.94,-0.69,C2
0.4,0.67,C3
0.84,-0.23,C2
0.67,-0.76,C2
-0.8,0.61,C1
0.0,0.98,C3
-0.25,0.25,C2
-0.29,-0.61,C2
0.7,0.76,C3
0.01,-0.68,C2
0.1,0.02,C2
-0.92,-0.85,C2
0.53,-0.07,C2
-0.6,0.2,C2
0.77,-0.28,C2
-0.42,-0.81,C2
0.83,-0.75,C2
0.88,-0.2,C2
-0.95,-1.0,C2
-0.73,-0.97,C2
-0.03,0.02,C2
0.22,0.93,C3
0.03,0.31,C2
-0.72,-0.56,C2
0.42,-0.03,C2
0.71,0.72,C3
0.33,0.93,C3
-0.95,-0.63,C2
0.44,0.36,C3
-0.5,0.43,C2
0.78,0.97,C3
0.59,0.64,C3
-0.3,-0.45,C2
0.61,-0.59,C2
0.97,0.93,C3
-0.1,-0.4,C2
-0.47,-0.65,C2
-0.75,0.93,C1
0.15,-0.84,C2
0.3,0.05,C2
-0.91,-0.45,C2
0.87,0.17,C3
-0.93,0.33,C2
-0.86,-0.55,C2
0.97,-0.65,C2
-0.73,0.89,C1
0.13,0.02,C2
0.92,0.03,C3
-0.02,0.99,C3
0.91,-0.27,C2
-0.59,0.56,C1
-0.9,0.11,C2
0.78,-0.57,C2
0.42,-0.51,C2
0.29,0.07,C2
0.99,0.47,C3
-0.26,-0.88,C2
-0.18,-0.72,C2
0.17,-0.05,C2
0.1,0.86,C3
0.05,-0.83,C2
0.06,0.13,C2
-0.24,0.21,C2
-0.92,-0.94,C2
0.39,0.17,C2
0.17,-0.97,C2
-0.35,0.13,C2
0.71,-0.79,C2
0.85,-0.6,C2
-0.45,-0.68,C2
0.56,-0.96,C2
0.27,0.0,C2
0.52,0.26,C3
0.42,0.03,C2
0.43,-0.38,C2
-0.83,-0.72,C2
0.27,0.39,C2
0.49,-0.45,C2
0.97,0.01,C3
0.2,-0.14,C2
0.73,-0.9,C2
-0.32,0.0,C2
0.63,0.12,C3
0.45,-0.52,C2
-0.08,0.44,C2
0.66,-0.49,C2
-0.1,0.51,C1
0.3,-0.04,C2
-0.67,-0.2,C2
-0.78,0.8,C1
0.9,0.08,C3
-0.21,-0.84,C2
-0.85,0.3,C2
-0.82,-0.65,C2
0.03,-0.44,C2
0.47,-0.67,C2
-0.46,0.39,C2
-0.68,-0.36,C2
-0.33,0.16,C2
0.16,0.38,C2
0.14,-0.69,C2
-0.98,-0.66,C2
-0.32,0.96,C1
-0.16,0.45,C2
-0.15,-0.75,C2
-0.98,0.29,C2
0.29,0.07,C2
-0.44,-0.63,C2
0.08,-0.19,C2
-0.72,0.58,C1
0.1,-0.28,C2
0.74,0.69,C3
-0.2,-0.81,C2
0.27,-0.42,C2
-0.26,0.51,C1
0.59,0.88,C3
-0.21,0.73,C1
0.39,0.98,C3
-0.81,-0.37,C2
-0.46,0.99,C1
-0.01,-0.64,C2
1.0,0.48,C3
-0.67,0.6,C1
-0.82,0.98,C1
0.84,-0.31,C2
-0.31,0.51,C1
-0.59,0.65,C1
0.61,-0.62,C2
-0.62,0.64,C1
-0.26,-0.15,C2
0.26,-0.52,C2
-0.15,0.55,C1
-0.45,-0.23,C2
-0.53,-0.34,C2
-0.19,-0.81,C2
-0.01,-0.02,C2
-0.23,0.79,C1
-0.78,-0.54,C2
-0.72,-0.38,C2
-0.44,-0.03,C2
0.93,-0.82,C2
0.0,0.11,C2
0.82,0.8,C3
-0.14,0.26,C2
-0.46,0.0,C2
0.59,-0.95,C2
0.49,-0.53,C2
0.38,0.26,C2
-0.02,0.97,C3
0.6,0.71,C3
-0.95,-0.6,C2
-0.29,-0.11,C2
-0.46,-0.03,C2
0.69,-0.76,C2
-0.6,-0.18,C2
0.02,0.16,C2
0.41,0.03,C2
0.22,0.69,C3
-0.49,-0.45,C2
0.12,-0.82,C2
0.23,0.43,C2
-0.98,0.01,C2
0.35,0.82,C3
-0.4,-0.51,C2
-0.89,-0.52,C2
-0.3,0.18,C2
-0.62,0.87,C1
-0.07,-0.61,C2
-0.25,-0.99,C2
-0.14,-0.5,C2
0.45,0.73,C3
0.56,-0.86,C2
-0.49,0.87,C1
0.12,0.9,C3
0.13,0.23,C2
0.03,-0.17,C2
-0.58,-0.6,C2
-0.85,-0.08,C2
-0.08,0.47,C2
-0.88,-0.85,C2
-0.79,1.0,C1
0.37,0.26,C2
0.76,-0.31,C2
-0.76,-0.79,C2
0.99,0.83,C3
0.61,0.28,C3
-0.68,0.11,C2
-0.74,0.23,C2
-0.13,-0.98,C2
-0.59,0.68,C1
0.12,0.77,C3
0.67,0.91,C3
-0.73,0.68,C1
-0.34,-0.19,C2
0.33,0.27,C2
-0.46,-1.0,C2
-0.2,-0.41,C2
-0.7,0.26,C2
0.07,0.2,C2
-0.93,0.87,C1
-0.46,0.34,C2
0.7,0.62,C3
-0.41,-0.44,C2
-0.21,-0.4,C2
0.42,0.6,C3
-0.42,-0.34,C2
0.38,0.69,C3
0.37,0.64,C3
0.21,-0.96,C2
-0.7,0.6,C1
-0.68,0.13,C2
-0.08,0.66,C1
-0.3,0.45,C2
-0.12,0.44,C2
0.26,0.69,C3
-0.89,-0.77,C2
-0.72,0.84,C1
-0.27,0.13,C2
-0.79,-0.62,C2
0.01,-0.58,C2
0.97,0.15,C3
0.52,0.57,C3
0.21,-0.17,C2
-0.14,-0.44,C2
-0.04,0.53,C1
0.52,0.48,C3
0.26,0.91,C3
0.77,-0.89,C2
-0.7,0.5,C1
0.96,-0.59,C2
0.31,-0.89,C2
-0.57,-0.19,C2
-0.93,0.48,C2
-0.49,0.53,C1
0.15,-0.25,C2
0.64,0.05,C2
0.45,0.47,C3
0.77,0.92,C3
-0.5,-0.68,C2
0.78,0.71,C3
0.49,-0.6,C2
-0.07,0.79,C3
-0.27,0.03,C2
-0.35,-0.12,C2
0.05,-0.1,C2
-0.01,0.3,C2
0.97,-0.17,C3
0.6,0.0,C2
0.47,-0.12,C2
0.01,0.14,C2
-0.82,-0.93,C2
-0.89,0.32,C2
0.76,-0.02,C3
0.64,-0.12,C2
-0.7,0.31,C2
0.51,0.05,C2
-0.18,0.68,C1
0.83,-0.6,C2
0.64,0.92,C3
0.48,0.71,C3
0.03,-0.63,C2
-0.78,0.56,C1
-0.66,0.4,C2
0.59,-0.98,C2
0.96,-0.14,C3
-0.33,0.25,C2
0.58,0.65,C3
-0.59,0.93,C1
-0.61,0.42,C2
0.9,-0.66,C2
-0.39,-0.98,C2
0.45,0.28,C3
-0.19,-0.63,C2
0.7,0.38,C3
-0.09,-0.88,C2
-0.74,0.84,C1
0.72,0.51,C3
0.26,0.54,C3
-0.87,-0.76,C2
-0.51,-0.23,C2
-0.52,0.4,C2
-0.72,0.54,C1
-0.01,0.61,C1
-0.88,-0.15,C2
-0.43,-0.12,C2
0.33,0.15,C2
-0.56,-0.6,C2
0.49,0.9,C3
0.79,-0.76,C2
0.63,-0.69,C2
-0.36,0.21,C2
-0.4,0.82,C1
-0.1,-0.1,C2
-0.22,-0.28,C2
-0.18,-0.53,C2
-0.83,-0.53,C2
-0.52,-0.42,C2
0.27,0.35,C2
0.22,0.05,C2
0.52,0.81,C3
-0.75,0.3,C2
0.91,0.58,C3
0.27,0.27,C2
0.99,-0.35,C2
0.21,0.33,C2
-0.21,0.86,C1
0.87,0.51,C3
0.69,-0.06,C2
-0.17,0.17,C2
-0.52,-0.43,C2
-0.46,-0.38,C2
0.72,0.08,C3
0.29,-0.24,C2
0.55,0.97,C3
0.14,0.45,C2
0.8,-0.12,C2
-0.45,0.3,C2
-0.21,-0.01,C2
-0.38,-0.06,C2
-0.97,0.29,C2
0.07,0.01,C2
-0.2,-0.06,C2
0.86,-0.53,C2
0.94,0.2,C3
-0.6,0.82,C1
-0.71,0.24,C2
0.81,0.44,C3
0.76,-0.39,C2
-0.01,-0.13,C2
0.73,-0.2,C2
-0.37,-0.6,C2
0.35,-0.87,C2
0.08,0.39,C2
0.94,0.64,C3
0.12,-0.59,C2
-0.01,-0.41,C2
0.36,0.74,C3
0.13,-0.76,C2
0.86,0.9,C3
0.24,-0.12,C2
-0.37,0.13,C2
0.74,-0.13,C2
-0.06,0.69,C1
-0.39,-0.81,C2
0.64,0.82,C3
-0.09,-0.48,C2
-0.5,-0.5,C2
0.18,0.29,C2
-0.28,-0.42,C2
-0.44,0.75,C1
0.68,0.97,C3
-0.44,0.76,C1
-0.58,-0.63,C2
-0.53,0.19,C2
-0.46,-0.14,C2
-0.21,-0.37,C2
-0.76,0.71,C1
-0.35,-0.45,C2
-0.62,0.88,C1
0.34,-0.98,C2
0.93,-0.95,C2
-0.11,-0.81,C2
-0.48,-0.42,C2
-0.56,-0.43,C2
0.23,0.37,C2
0.19,-0.29,C2
-0.92,-0.55,C2
-0.95,0.15,C2
0.12,-0.79,C2
0.07,0.44,C2
0.84,0.42,C3
0.51,0.14,C2
-0.61,0.15,C2
0.95,-0.93,C2
-0.25,0.12,C2
-0.43,0.1,C2
-0.74,-0.79,C2
0.86,0.25,C3
-0.58,-0.84,C2
0.01,0.5,C3
-0.56,-0.86,C2
-0.39,0.54,C1
0.77,0.8,C3
-0.97,0.27,C2
-0.93,-0.43,C2
0.06,0.73,C3
-0.63,-0.94,C2
-0.9,0.49,C2
0.58,-0.58,C2
0.8,0.31,C3
0.67,0.92,C3
-0.73,0.76,C1
0.25,0.99,C3
-0.39,0.55,C1
0.05,-0.87,C2
-0.75,-0.16,C2
-0.88,0.88,C1
-0.63,0.5,C1
-0.98,-0.64,C2
0.41,0.13,C2
-0.36,0.09,C2
0.72,0.21,C3
0.47,0.97,C3
0.69,-0.13,C2
0.77,0.17,C3
0.89,-0.66,C2
-0.57,0.97,C1
0.27,-0.92,C2
-0.4,-0.98,C2
-0.84,-0.77,C2
-0.62,-0.24,C2
-0.2,-0.42,C2
0.51,-0.66,C2
-0.9,0.89,C1
-0.7,0.51,C1
-0.27,-0.11,C2
-0.01,0.57,C1
-0.26,-0.76,C2
-0.34,-0.08,C2
-0.93,0.05,C2
-0.41,-0.02,C2
0.0,0.21,C2
0.41,0.98,C3
0.72,0.05,C3
0.42,-0.97,C2
0.9,-0.38,C2
0.75,0.94,C3
-0.53,-0.01,C2
0.53,-0.47,C2
-0.43,-0.9,C2
0.97,-0.12,C3
-0.02,0.89,C3
0.93,-0.46,C2
-0.46,0.56,C1
0.67,-0.89,C2
-0.47,-0.65,C2
-0.25,0.4,C2
-0.25,-0.58,C2
0.26,-0.46,C2
0.35,0.64,C3
-0.02,0.99,C3
0.2,-0.94,C2
0.05,-0.4,C2
0.31,0.78,C3
-0.36,-0.34,C2
0.45,-0.2,C2
-0.68,0.06,C2
-0.4,-0.12,C2
0.76,0.37,C3
-0.6,0.01,C2
-0.89,-0.45,C2
-0.67,-0.88,C2
0.64,0.96,C3
-0.39,0.13,C2
-0.02,-0.09,C2
-0.39,-0.43,C2
-0.17,0.5,C3
0.49,0.65,C3
0.89,-0.45,C2
-0.29,-0.74,C2
0.35,-0.61,C2
-0.24,0.34,C2
0.76,-0.2,C2
0.95,0.73,C3
-0.02,0.1,C2
0.7,-0.39,C2
0.52,-0.6,C2
0.7,-0.07,C2
-0.98,-0.01,C2
0.15,-0.98,C2
0.64,-0.11,C2
0.63,-0.96,C2
0.37,-0.76,C2
0.82,-0.06,C3
0.97,0.4,C3
0.6,0.63,C3
-0.53,-0.47,C2
0.1,-0.64,C2
0.48,0.79,C3
-0.94,0.32,C2
0.92,-0.16,C3
0.12,0.12,C2
0.09,0.93,C3
-0.47,0.2,C2
-0.04,-0.61,C2
-0.57,0.89,C1
0.02,-0.33,C2
-0.94,-0.83,C2
0.81,-0.4,C2
-0.07,-0.36,C2
0.31,0.86,C3
-0.18,-0.67,C2
0.89,0.06,C3
0.61,-0.4,C2
-0.78,0.79,C1
-0.19,-0.19,C2
-0.69,-0.18,C2
-0.28,0.05,C2
0.82,0.29,C3
0.63,0.47,C3
0.88,0.19,C3
-0.28,-0.12,C2
0.92,0.69,C3
-0.23,0.31,C2
-0.42,0.44,C2
-0.28,-0.85,C2
0.64,-0.73,C2
-0.49,0.46,C2
0.15,-0.42,C2
-0.4,-0.15,C2
0.47,0.49,C3
0.35,0.26,C2
0.76,0.07,C3
-0.84,0.1,C2
-0.67,-0.96,C2
0.52,0.23,C3
-0.22,0.12,C2
-0.59,0.47,C2
0.41,0.51,C3
-0.65,0.16,C2
0.08,0.93,C3
-0.74,0.17,C2
0.81,0.35,C3
0.63,0.21,C3
-0.38,-0.87,C2
0.98,-0.83,C2
0.87,0.66,C3
0.99,-0.51,C2
-0.9,-0.24,C2
0.73,0.04,C3
0.07,0.44,C2
0.96,0.3,C3
0.64,-0.05,C2
-0.88,-0.84,C2
0.69,0.69,C3
0.51,0.73,C3
0.95,-0.42,C2
0.25,-0.86,C2
-0.85,-0.75,C2
-0.35,0.48,C2
-0.68,-0.62,C2
-0.67,0.29,C2
0.94,0.96,C3
-0.67,-0.66,C2
-0.29,0.15,C2
0.47,-0.93,C2
-0.79,-0.54,C2
-0.06,-0.23,C2
0.96,-0.24,C3
-0.96,-0.26,C2
0.89,0.66,C3
-0.65,0.05,C2
-0.33,-0.62,C2
-0.99,-0.32,C2
0.03,-0.17,C2
-0.81,0.47,C2
0.48,0.24,C3
0.8,-0.87,C2
-0.91,-0.81,C2
-0.15,0.21,C2
0.73,0.16,C3
0.21,0.59,C3
0.94,-0.39,C2
-0.61,0.6,C1
0.51,0.11,C2
0.57,-0.55,C2
0.59,0.63,C3
0.36,-0.17,C2
0.6,0.08,C2
-0.18,0.0,C2
-0.71,0.25,C2
-0.05,0.38,C2
0.65,-0.24,C2
0.62,-0.39,C2
-0.07,0.04,C2
-0.21,-0.08,C2
-0.85,-0.43,C2
-0.39,0.43,C2
-0.54,-0.53,C2
0.39,0.66,C3
0.18,-0.96,C2
-0.94,0.64,C1
0.09,0.47,C2
0.47,-0.22,C2
0.45,0.61,C3
0.9,0.2,C3
-0.19,0.71,C1
0.56,0.15,C3
-0.39,-0.43,C2
0.48,0.62,C3
-0.18,0.4,C2
0.34,-0.11,C2
0.91,0.93,C3
-0.82,-0.5,C2
-0.7,0.02,C2
-0.94,0.41,C2
0.05,0.01,C2
0.91,-0.74,C2
0.61,-0.37,C2
0.76,-0.09,C2
0.13,0.59,C3
-0.28,0.56,C1
0.14,0.57,C3
0.66,0.34,C3
0.84,-0.47,C2
0.46,0.18,C2
0.81,0.14,C3
0.31,-0.32,C2
-0.23,0.98,C3
-0.75,-0.03,C2
-0.56,-0.32,C2
0.04,0.2,C2
-0.43,-0.32,C2
-0.22,0.95,C3
-0.92,-0.92,C2
-0.86,-0.49,C2
0.04,0.04,C2
0.88,-0.28,C2
-0.94,-0.35,C2
0.03,-0.01,C2
-0.32,0.89,C1
0.85,-0.23,C2
-0.28,-0.6,C2
-0.99,0.77,C1
0.24,0.8,C3
-0.03,-0.24,C2
-0.31,0.19,C2
0.48,-0.98,C2
0.98,0.63,C3
-0.87,-0.07,C2
0.92,0.18,C3
0.82,0.04,C3
-0.2,0.14,C2
-0.55,-0.13,C2
-0.72,0.85,C1
0.83,0.63,C3
-0.81,0.76,C1
0.62,-0.06,C2
-0.31,-0.64,C2
-0.42,0.77,C1
-0.65,-0.44,C2
-0.81,0.59,C1
0.87,0.15,C3
-0.21,-0.08,C2
0.84,-0.15,C2
-0.11,-0.52,C2
-0.56,-0.34,C2
-0.31,0.83,C1
-0.69,0.22,C2
0.76,-0.12,C2
-0.88,0.9,C1
-0.06,-0.7,C2
0.63,-0.97,C2
-0.42,0.0,C2
0.85,-0.39,C2
-0.39,0.83,C1
0.32,0.87,C3
-0.56,0.44,C2
-0.68,-0.64,C2
-0.16,0.94,C3
0.68,0.26,C3
0.43,-0.83,C2
-0.84,-0.49,C2
-0.51,0.55,C1
0.3,-0.17,C2
-0.34,-0.72,C2
-0.71,0.58,C1
0.38,-0.33,C2
-0.39,0.57,C1
-0.64,0.99,C1
-0.6,0.94,C1
0.17,-0.54,C2
-0.81,0.85,C1
0.77,-0.59,C2
-0.92,0.95,C1
0.88,0.66,C3
-0.04,0.0,C2
-0.28,-0.21,C2
-0.19,0.99,C3
-0.13,-0.44,C2
-0.71,0.9,C1
0.31,0.32,C2
-0.36,0.96,C1
0.88,0.25,C3
0.95,-0.06,C3
0.06,0.84,C3
-0.12,0.65,C1
0.13,-0.38,C2
-0.68,0.7,C1
0.68,0.12,C3
0.56,0.25,C3
-0.05,-0.7,C2
0.02,0.64,C1
0.72,0.96,C3
0.22,-0.47,C2
0.28,0.03,C2
0.92,-0.89,C2
-0.59,0.91,C1
0.98,-0.9,C2
0.52,0.59,C3
-0.87,-0.63,C2
-0.42,0.68,C1
-0.15,-0.6,C2
0.9,0.2,C3
0.86,-0.93,C2
-0.1,-0.56,C2
0.74,-0.66,C2
-0.97,0.35,C2
0.31,-0.72,C2
-0.96,0.44,C2
0.94,-0.29,C2
0.75,0.95,C3
0.71,-0.63,C2
-0.13,-0.54,C2
0.95,-0.15,C3
-0.52,0.67,C1
-0.54,-0.8,C2
0.83,-0.64,C2
-0.27,0.56,C1
0.44,0.69,C3
0.07,0.88,C3
-0.73,0.79,C1
-0.06,0.52,C1
-0.37,-0.16,C2
-0.23,-0.45,C2
-0.28,0.1,C2
0.62,-0.75,C2
0.45,0.85,C3
0.27,0.4,C2
0.06,0.75,C3
0.92,-0.96,C2
0.86,0.27,C3
0.92,-0.35,C2
-0.53,-0.79,C2
-0.97,-0.97,C2
-0.33,0.33,C2
-0.4,-0.06,C2
0.51,-0.25,C2
0.12,-0.66,C2
-0.9,0.14,C2
0.32,0.44,C3
-0.64,-0.33,C2
-0.73,0.96,C1
-0.82,-0.53,C2
-0.11,-0.5,C2
-0.57,-0.28,C2
0.92,0.84,C3
0.67,-0.58,C2
-0.41,-0.98,C2
-0.46,-0.07,C2
-0.2,0.63,C1
0.27,0.42,C2
0.66,0.1,C3
0.01,0.26,C2
-0.34,0.58,C1
-0.47,-0.68,C2
-0.45,0.03,C2
0.43,-0.9,C2
-0.77,-0.27,C2
0.67,-0.86,C2
-0.47,0.36,C2
-0.35,0.15,C2
-0.39,0.37,C2
0.85,0.95,C3
-0.15,-0.78,C2
-0.31,-0.28,C2
0.41,0.96,C3
0.74,-0.87,C2
0.13,0.05,C2
0.55,0.12,C2
-0.18,-0.17,C2
0.19,-0.88,C2
-0.39,-0.81,C2
0.73,0.66,C3
0.96,-0.45,C2
0.73,-0.94,C2
-0.74,-0.86,C2
0.26,-0.62,C2
0.33,0.67,C3
0.43,0.12,C2
0.15,-0.24,C2
-0.71,0.6,C1
0.61,0.74,C3
-0.12,-0.58,C2
-0.48,0.78,C1
0.1,-0.94,C2
-0.45,-0.04,C2
0.62,0.46,C3
-0.83,-0.03,C2
-0.77,-0.29,C2
0.63,-0.53,C2
-0.72,-0.68,C2
0.1,-0.46,C2
-0.29,-0.12,C2
0.1,0.81,C3
-0.19,0.27,C2
0.49,-0.99,C2
-0.95,0.9,C1
0.87,0.72,C3
0.59,-0.5,C2
0.97,0.63,C3
0.45,0.19,C2
0.03,-0.79,C2
-0.71,-0.49,C2
-0.34,0.12,C2
1.0,-0.79,C2
0.47,-0.36,C2
-0.82,-0.15,C2
0.27,0.12,C2
1.0,0.83,C3
0.77,0.33,C3
-0.94,-0.43,C2
0.58,-0.03,C2
-0.4,-0.04,C2
-1.0,-0.93,C2
-0.96,0.4,C2
1.0,-0.93,C2
0.94,-0.13,C3
-0.41,0.18,C2
0.95,-0.62,C2
0.56,0.27,C3
0.41,0.87,C3
0.92,0.34,C3
0.96,-0.93,C2
-0.15,0.64,C1
0.64,0.64,C3
-0.91,0.89,C1
-0.56,-0.17,C2
-0.37,-0.69,C2
0.63,0.06,C2
-0.88,0.25,C2
0.2,0.06,C2
-0.68,-0.06,C2
0.11,-0.87,C2
0.28,0.46,C3
-0.57,0.33,C2
0.94,-0.89,C2
-0.38,0.02,C2
-0.4,0.95,C1
0.39,-0.56,C2
0.89,0.67,C3
0.26,-0.65,C2
0.94,0.25,C3
0.92,0.45,C3
0.8,0.88,C3
-0.17,0.47,C2
-0.18,0.47,C2
0.68,0.56,C3
-0.53,-0.49,C2
0.31,-0.59,C2
0.89,0.1,C3
-0.85,-0.44,C2
0.15,-0.53,C2
-0.82,-0.82,C2
-0.01,0.02,C2
-0.1,0.84,C3
-0.14,-0.82,C2
-0.45,0.09,C2
0.53,-0.61,C2
0.85,0.27,C3
-0.66,0.55,C1
0.51,0.76,C3
0.69,0.51,C3
-0.06,-0.2,C2
0.39,0.04,C2
0.36,-0.19,C2
-0.37,0.78,C1
0.26,-0.4,C2
0.61,0.18,C3
-0.03,-0.66,C2
-0.96,-0.66,C2
0.83,0.67,C3
-0.42,0.39,C2
-0.25,0.39,C2
-0.39,0.05,C2
0.72,0.72,C3
-0.61,-0.56,C2
-0.96,0.28,C2
0.09,-0.76,C2
0.9,0.44,C3
-0.09,0.06,C2
-0.9,0.82,C1
-0.81,-0.21,C2
0.25,0.24,C2
-0.18,0.92,C3
-0.75,-0.13,C2
0.36,0.93,C3
-0.45,-0.12,C2
-0.45,0.69,C1
0.61,0.43,C3
-0.21,-0.65,C2
0.03,0.82,C3
0.44,0.57,C3
0.89,0.87,C3
-0.73,0.46,C2
0.82,-0.82,C2
-0.82,0.19,C2
0.98,-0.58,C2
-0.51,-0.29,C2
-0.73,-0.96,C2
0.58,0.88,C3
0.08,0.23,C2
0.45,0.11,C2
0.45,-0.2,C2
-0.3,-0.3,C2
-0.16,-0.64,C2
0.89,0.8,C3
0.25,-0.59,C2
0.44,-0.18,C2
0.49,-0.35,C2
-0.31,0.41,C2
-0.41,-0.66,C2
0.98,-0.3,C2
0.58,0.65,C3
0.86,0.89,C3
0.05,-0.6,C2
0.24,0.38,C2
0.84,0.26,C3
0.47,-0.41,C2
0.76,0.72,C3
0.49,0.48,C3
-0.05,0.38,C2
0.26,0.52,C3
-0.11,-0.64,C2
0.58,0.38,C3
-0.23,-0.81,C2
0.72,0.67,C3
0.36,-0.23,C2
0.92,0.62,C3
-0.86,0.67,C1
0.82,-0.31,C2
-0.64,-0.76,C2
0.26,0.25,C2
0.0,0.28,C2
-1.0,-0.45,C2
0.2,-0.64,C2
0.54,-0.18,C2
-0.3,-0.07,C2
0.2,-0.28,C2
-0.34,0.91,C1
0.77,-0.55,C2
0.46,-0.3,C2
0.56,-0.41,C2
-0.52,-0.87,C2
0.63,0.51,C3
0.06,0.18,C2
-0.62,-0.54,C2
0.08,-0.83,C2
0.8,0.23,C3
-0.77,-0.24,C2
0.48,0.65,C3
0.53,0.16,C2
0.55,-0.24,C2
0.93,-0.27,C2
0.43,0.41,C3
0.75,-0.98,C2
0.73,0.44,C3
-0.91,0.55,C1
-0.52,-0.69,C2
0.88,0.39,C3
-0.2,0.88,C1
0.38,-0.59,C2
-0.13,-0.75,C2
0.98,-0.65,C2
-0.37,-0.86,C2
-0.47,-0.18,C2
0.44,-0.79,C2
-0.08,-0.68,C2
0.74,-0.84,C2
-0.11,0.79,C1
0.56,-0.57,C2
-0.8,-0.18,C2
-0.23,-0.5,C2
-0.25,-0.15,C2
0.35,-0.82,C2
-0.3,0.71,C1
0.17,0.23,C2
-0.81,-0.61,C2
0.34,-0.64,C2
0.91,-0.21,C3
0.02,0.03,C2
-0.18,0.32,C2
0.6,-0.78,C2
-0.83,0.77,C1
0.63,0.43,C3
0.07,0.38,C2
-0.42,-0.29,C2
-0.62,-0.81,C2
0.23,-0.58,C2
-0.52,-0.63,C2
-0.54,0.76,C1
0.35,-0.31,C2
0.4,0.7,C3
0.1,0.82,C3
0.46,0.56,C3
0.79,-0.69,C2
0.95,-0.88,C2
0.54,0.67,C3
0.65,0.51,C3
0.82,0.88,C3
0.26,0.37,C2
-0.54,0.93,C1
-0.52,-0.28,C2
-0.47,0.25,C2
-0.4,-0.06,C2
-0.46,-0.43,C2
0.63,-0.73,C2
-0.12,0.82,C1
0.88,-0.63,C2
0.63,-0.68,C2
0.96,0.1,C3
0.06,0.03,C2
0.41,-0.29,C2
-0.35,-0.6,C2
-0.11,-0.16,C2
0.02,0.96,C3
-0.14,0.2,C2
-0.64,-0.13,C2
-0.18,0.32,C2
0.47,-0.87,C2
0.28,-0.55,C2
-0.7,-0.19,C2
-0.44,0.62,C1
-0.29,-0.65,C2
-0.55,-0.75,C2
-0.44,0.07,C2
0.67,-0.46,C2
0.8,0.47,C3
0.87,-0.1,C3
-0.26,-0.69,C2
-0.34,-0.03,C2
0.4,0.71,C3
0.85,-0.3,C2
-0.44,-0.56,C2
0.37,-0.28,C2
0.39,-0.38,C2
0.02,-0.97,C2
-0.15,0.81,C1
-0.45,0.86,C1
0.72,-0.55,C2
-0.94,0.77,C1
-0.68,-0.98,C2
0.03,-0.8,C2
0.41,0.16,C2
-0.08,-0.77,C2
-0.56,-0.57,C2
-0.46,-0.12,C2
-0.37,-0.63,C2
-0.66,0.39,C2
-0.87,-0.58,C2
0.78,-0.18,C2
0.68,0.02,C3
0.01,-0.08,C2
0.42,0.3,C3
-0.52,-0.75,C2
0.67,-0.35,C2
0.24,-0.95,C2
0.31,-0.57,C2
0.15,0.52,C1
-0.04,0.85,C3
-0.9,-0.8,C2
0.01,0.63,C1
0.3,0.83,C3
-0.06,-0.28,C2
-1.0,-0.98,C2
-0.46,-0.2,C2
0.34,0.7,C3
-0.05,1.0,C3
-0.34,-0.66,C2
0.42,0.81,C3
-0.96,-0.29,C2
-0.98,-0.3,C2
-0.35,-0.32,C2
0.2,0.94,C3
0.45,-0.94,C2
-0.95,-0.66,C2
-0.18,0.68,C1
0.16,-0.16,C2
0.72,-0.49,C2
0.46,-0.04,C2
0.35,0.03,C2
-0.6,0.44,C2
0.69,0.45,C3
-0.9,-0.48,C2
0.99,-0.28,C3
0.32,0.71,C3
0.29,-0.13,C2
0.04,-0.39,C2
-0.61,0.24,C2
-0.79,0.0,C2
-0.2,-0.68,C2
0.33,0.77,C3
-0.45,-0.85,C2
0.14,0.15,C2
-0.86,-0.76,C2
0.4,0.3,C3
-0.56,0.26,C2
-0.45,0.62,C1
0.65,-0.75,C2
0.51,-0.1,C2
-0.24,0.29,C2
0.14,-0.57,C2
0.48,0.6,C3
-0.69,0.17,C2
0.32,0.35,C2
0.4,0.84,C3
0.21,0.31,C2
0.66,-0.39,C2
-0.91,0.93,C1
0.02,-0.56,C2
0.84,0.06,C3
0.1,-0.52,C2
-0.97,0.67,C1
-0.27,-0.41,C2
0.01,0.62,C1
0.32,0.83,C3
0.21,0.04,C2
0.78,-0.12,C2
-0.77,-0.96,C2
0.57,-0.37,C2
0.25,-0.55,C2
-0.12,-0.2,C2
0.06,0.86,C3
-0.28,-0.92,C2
0.01,-0.83,C2
-0.83,0.76,C1
0.15,0.96,C3
0.9,0.05,C3
-0.95,0.33,C2
-0.34,0.99,C1
-0.52,-0.93,C2
0.8,-0.4,C2
0.49,-0.87,C2
0.96,-0.97,C2
0.89,0.16,C3
-0.11,-0.16,C2
0.04,-0.88,C2
0.03,0.18,C2
-0.13,-0.32,C2
-0.56,0.3,C2
-0.68,0.81,C1
0.06,-0.54,C2
0.4,1.0,C3
0.94,-0.52,C2
-0.38,-0.52,C2
-0.4,0.31,C2
-0.46,0.87,C1
-0.11,0.27,C2
-0.3,-0.4,C2
-0.97,-0.25,C2
-0.75,-0.22,C2
0.25,0.6,C3
0.68,-0.89,C2
0.7,0.47,C3
-0.37,-0.75,C2
0.81,-0.16,C2
0.23,-0.62,C2
-0.85,-0.1,C2
0.68,0.51,C3
-0.34,0.08,C2
-0.64,0.65,C1
-0.56,0.2,C2
-0.59,-0.83,C2
0.72,0.98,C3
-0.32,0.5,C1
0.33,0.78,C3
-0.42,0.15,C2
-0.6,-0.58,C2
0.18,-0.04,C2
-0.63,-0.94,C2
0.59,0.36,C3
-0.55,0.99,C1
0.13,0.7,C3
0.16,0.99,C3
0.28,-0.7,C2
0.37,0.79,C3
0.18,-0.95,C2
-0.79,0.83,C1
-0.95,0.36,C2
0.36,-0.68,C2
0.44,0.43,C3
-0.55,-0.05,C2
0.86,-0.96,C2
0.15,-0.46,C2
-0.56,-0.73,C2
-0.72,0.42,C2
0.72,0.48,C3
0.75,-0.51,C2
0.66,0.48,C3
0.43,-0.7,C2
0.06,0.84,C3
-0.57,-0.29,C2
-0.51,-0.99,C2
0.08,0.06,C2
-0.81,0.63,C1
0.58,0.78,C3
0.16,0.41,C2
0.08,-0.46,C2
-0.61,-0.73,C2
-0.08,-0.72,C2
0.07,0.59,C1
0.6,-0.37,C2
0.59,0.86,C3
-0.47,0.91,C1
-0.94,0.72,C1
-0.4,0.97,C1
-0.49,-0.55,C2
-0.5,0.55,C1
0.78,-0.45,C2
0.87,0.72,C3
0.39,-0.13,C2
-0.24,-0.78,C2
0.99,0.16,C3
-0.32,0.89,C1
0.61,-0.17,C2
0.73,-0.28,C2
0.99,-0.04,C3
-0.56,0.48,C2
0.82,-0.58,C2
-0.6,0.56,C1
-0.46,0.14,C2
-0.53,-0.79,C2
0.65,-0.48,C2
-0.54,-0.22,C2
-0.36,0.11,C2
0.99,-0.33,C2
0.17,-0.2,C2
0.9,0.49,C3
-0.55,0.77,C1
-0.15,-0.82,C2
0.32,-0.54,C2
0.5,-0.25,C2
-0.87,-0.95,C2
0.03,-0.06,C2
0.13,0.36,C2
0.65,0.95,C3
-0.03,-0.66,C2
0.09,0.63,C3
-0.34,-0.24,C2
0.33,-0.3,C2
0.21,-0.59,C2
0.87,-0.07,C3
-0.86,-0.7,C2
0.66,0.01,C2
0.46,0.76,C3
-0.64,-0.62,C2
0.02,-0.28,C2
0.68,-0.7,C2
0.86,-0.01,C3
0.68,0.07,C3
0.87,-0.46,C2
-0.18,-0.14,C2
0.57,-0.07,C2
-0.88,-0.89,C2
-0.62,-0.6,C2
-0.07,0.32,C2
-0.98,0.45,C2
0.9,0.7,C3
-0.84,0.09,C2
0.64,-0.41,C2
0.1,0.44,C2
-0.97,0.44,C2
-0.26,0.66,C1
-0.73,0.07,C2
-0.55,0.77,C1
0.85,0.42,C3
-0.92,0.61,C1
-0.19,0.01,C2
-0.07,0.53,C1
-0.68,0.49,C2
-0.44,-0.58,C2
-0.54,0.99,C1
-0.76,0.59,C1
-0.21,0.31,C2
0.66,-0.4,C2
-0.38,0.1,C2
0.03,-0.19,C2
-0.78,0.67,C1
0.98,-0.11,C3
0.19,0.43,C2
-0.56,0.3,C2
0.16,-0.15,C2
0.11,0.93,C3
-0.45,-0.83,C2
-0.95,0.65,C1
-0.59,0.92,C1
-0.16,-0.2,C2
0.9,0.9,C3
0.35,-0.16,C2
-0.54,-0.81,C2
-0.22,0.15,C2
-0.02,-0.59,C2
0.47,0.68,C3
-0.86,-0.73,C2
-0.94,0.19,C2
-0.01,-0.27,C2
0.84,0.14,C3
0.34,0.76,C3
0.82,0.23,C3
0.43,0.01,C2
0.65,-0.59,C2
0.99,-0.17,C3
0.65,-0.2,C2
0.29,-0.55,C2
0.26,0.23,C2
-0.62,-0.34,C2
0.79,-0.68,C2
-0.77,0.31,C2
-1.0,0.29,C2
0.8,-0.89,C2
-0.3,0.69,C1
0.87,0.89,C3
0.36,-0.21,C2
-0.8,0.87,C1
-0.77,0.99,C1
0.13,0.39,C2
0.55,0.26,C3
0.84,0.75,C3
0.77,0.16,C3
-0.21,-0.69,C2
0.79,-0.68,C2
-0.64,-0.18,C2
0.34,0.64,C3
-0.43,-0.55,C2
-0.06,-0.77,C2
0.76,-0.33,C2
0.92,0.46,C3
-0.87,0.35,C2
0.46,0.65,C3
-0.41,-0.7,C2
0.79,-0.37,C2
-0.77,-0.7,C2
0.34,0.4,C3
-0.65,0.64,C1
0.78,0.44,C3
-0.29,-0.56,C2
-0.43,0.88,C1
-0.1,0.23,C2
0.91,-0.45,C2
0.64,0.49,C3
-0.67,0.83,C1
0.58,-0.8,C2
-0.83,-0.3,C2
-0.05,0.25,C2
-0.66,-0.37,C2
0.24,0.25,C2
0.16,-0.54,C2
-0.7,-0.7,C2
0.05,0.28,C2
0.19,-0.9,C2
-0.79,0.24,C2
-0.72,0.83,C1
-0.59,-0.38,C2
0.92,0.69,C3
0.21,-0.51,C2
0.28,0.16,C2
0.75,0.81,C3
0.97,-0.95,C2
0.85,-0.66,C2
-0.55,0.07,C2
0.89,-0.62,C2
-0.26,0.97,C3
-0.51,0.34,C2
-0.37,0.61,C1
0.14,-0.16,C2
0.25,0.1,C2
0.55,-0.51,C2
-0.69,0.11,C2
0.02,-0.81,C2
0.01,-0.21,C2
-0.4,-0.57,C2
0.52,0.53,C3
0.61,0.46,C3
0.69,-0.78,C2
0.03,0.25,C2
-0.79,0.44,C2
-0.52,0.11,C2
0.31,-0.69,C2
0.32,0.12,C2
-0.4,-0.31,C2
-0.43,0.68,C1
0.77,-0.42,C2
-0.01,0.77,C3
-0.24,-0.01,C2
-0.83,0.13,C2
-0.81,0.61,C1
0.68,-0.45,C2
-0.52,0.27,C2
0.25,0.1,C2
-0.78,0.08,C2
-0.52,0.89,C1
0.06,0.4,C2
0.71,0.14,C3
0.71,-0.34,C2
-0.06,0.87,C3
-0.4,-0.52,C2
-0.97,-0.86,C2
0.69,-0.44,C2
0.03,0.58,C1
-0.94,-0.55,C2
0.28,-0.87,C2
-0.93,-0.85,C2
0.73,0.16,C3
0.61,-0.03,C2
-0.38,-0.06,C2
0.03,-0.7,C2
0.05,0.49,C2
0.25,0.9,C3
-0.89,-0.03,C2
-0.97,0.27,C2
-0.66,0.82,C1
-0.45,0.09,C2
0.36,-0.78,C2
-0.74,0.14,C2
-0.22,0.65,C1
0.33,0.84,C3
-0.63,0.32,C2
-0.44,0.89,C1
0.36,0.93,C3
-0.21,0.61,C1
-0.33,-0.67,C2
-0.23,1.0,C3
-0.78,0.74,C1
0.99,-0.37,C2
-0.38,-0.94,C2
0.44,-0.83,C2
-0.32,-0.91,C2
0.07,-0.8,C2
-0.83,0.43,C2
0.84,0.0,C3
0.15,0.26,C2
-0.5,0.73,C1
0.52,-0.3,C2
0.02,0.18,C2
0.08,-0.6,C2
-0.28,0.02,C2
0.37,-0.57,C2
-0.04,0.02,C2
0.05,0.95,C3
0.3,0.22,C2
0.16,0.22,C2
-0.94,-0.63,C2
0.31,0.15,C2
-0.78,0.91,C1
-0.48,-0.57,C2
0.96,0.78,C3
-0.28,0.59,C1
0.18,-0.36,C2
0.62,-0.26,C2
-0.12,-0.39,C2
-1.0,-0.33,C2
0.32,0.44,C3
-0.58,0.22,C2
0.61,0.49,C3
-0.61,-0.19,C2
0.27,0.7,C3
-0.01,0.62,C1
0.59,0.6,C3
-0.7,-0.92,C2
-0.18,0.25,C2
-0.12,0.7,C1
0.59,0.01,C2
0.48,-0.03,C2
0.48,-0.46,C2
0.65,-0.89,C2
0.75,0.35,C3
0.49,0.37,C3
0.23,0.16,C2
0.61,0.86,C3
0.45,-0.49,C2
0.34,0.55,C3
0.59,0.28,C3
0.99,0.46,C3
-0.88,0.52,C1
-0.46,0.52,C1
0.43,0.19,C2
-0.83,0.94,C1
-0.38,-0.2,C2
0.37,-0.69,C2
0.6,0.19,C3
0.28,0.47,C3
-0.98,0.4,C2
-0.09,0.98,C3
0.47,0.21,C2
0.84,0.55,C3
0.89,-0.96,C2
0.0,0.67,C1
-0.48,-0.46,C2
0.95,0.26,C3
0.78,0.26,C3
-0.61,0.48,C2
0.85,0.26,C3
-0.01,0.46,C2
0.59,0.24,C3
-0.47,0.39,C2
0.32,-0.69,C2
0.98,-0.49,C2
-0.09,-0.21,C2
-0.57,-0.74,C2
-0.88,-0.83,C2
0.83,0.63,C3
0.78,-0.95,C2
-0.39,-0.82,C2
-0.87,0.82,C1
-0.33,-0.25,C2
-0.56,-0.48,C2
0.79,-0.22,C2
-0.68,-0.26,C2
0.07,0.39,C2
-0.33,0.45,C2
-0.62,0.22,C2
-0.64,-0.47,C2
0.45,0.02,C2
0.01,-0.25,C2
0.79,-0.97,C2
0.16,0.94,C3
0.47,-0.83,C2
0.8,0.76,C3
-0.17,0.3,C2
-0.03,0.0,C2
-0.98,-0.54,C2
-0.67,0.05,C2
0.05,0.37,C2
0.25,0.41,C2
0.76,0.83,C3
-0.2,0.39,C2
-0.46,0.42,C2
-0.49,-0.74,C2
-0.48,0.17,C2
-0.69,0.78,C1
-0.83,-0.79,C2
-0.56,0.74,C1
-0.17,0.9,C3
0.66,-0.84,C2
0.42,0.73,C3
0.04,0.61,C1
-0.09,-0.11,C2
-0.28,0.63,C1
0.02,-0.68,C2
-0.44,-0.14,C2
-0.19,0.82,C1
-0.9,0.25,C2
-0.55,0.57,C1
-0.29,0.21,C2
0.43,0.86,C3
-0.34,0.75,C1
-0.89,-0.9,C2
0.61,0.0,C2
0.86,-0.5,C2
-0.01,-0.29,C2
-0.83,-0.6,C2
-0.9,-0.8,C2
-0.83,-0.67,C2
0.48,0.43,C3
0.9,-0.37,C2
0.64,0.4,C3
-0.74,-0.76,C2
-0.48,0.69,C1
-0.16,0.59,C1
0.92,0.93,C3
-0.4,-0.78,C2
0.75,-0.17,C2
-0.63,0.87,C1
0.36,-0.51,C2
0.72,-0.65,C2
-0.06,0.2,C2
-0.9,0.68,C1
-0.61,-0.91,C2
-0.67,-0.7,C2
-0.33,-0.17,C2
0.61,0.73,C3
-0.09,0.51,C1
-0.56,-0.43,C2
0.67,0.63,C3
0.95,-0.87,C2
-0.17,-0.97,C2
-0.33,0.31,C2
0.59,-0.57,C2
-0.01,0.4,C2
-0.43,-0.6,C2
-0.19,-0.44,C2
0.53,0.82,C3
0.98,0.2,C3
-0.35,-0.6,C2
0.37,0.65,C3
0.12,-0.25,C2
-0.43,-0.21,C2
0.98,-0.11,C3
0.29,-0.46,C2
-0.07,-0.15,C2
0.6,0.96,C3
0.48,-0.78,C2
0.14,-0.17,C2
-0.63,0.14,C2
0.2,-0.69,C2
-0.32,-0.44,C2
-0.56,-0.53,C2
0.73,-0.54,C2
0.16,0.08,C2
-0.49,0.44,C2
0.31,-0.71,C2
-0.07,0.37,C2
-0.84,0.82,C1
0.41,-0.98,C2
0.62,0.67,C3
-0.27,-0.81,C2
0.95,0.37,C3
0.72,0.3,C3
-0.77,-0.95,C2
-0.08,-0.52,C2
0.56,-0.75,C2
-0.89,0.68,C1
0.17,0.48,C2
0.27,-0.85,C2
0.61,0.74,C3
-0.76,0.39,C2
-0.25,0.51,C1
0.01,0.25,C2
0.64,0.41,C3
0.04,0.41,C2
0.77,0.67,C3
-0.87,-0.47,C2
-0.83,-0.42,C2
0.42,-0.19,C2
0.35,0.9,C3
-0.48,0.73,C1
-0.03,-0.47,C2
0.81,-0.32,C2
-0.19,-0.71,C2
0.13,0.75,C3
-0.7,0.16,C2
-0.19,0.28,C2
-0.65,0.96,C1
-0.45,-0.99,C2
-0.33,-0.66,C2
0.98,0.26,C3
-0.74,-0.27,C2
0.53,0.4,C3
0.78,-0.86,C2
0.71,-0.4,C2
-0.23,0.05,C2
0.31,-0.41,C2
0.85,0.86,C3
-0.13,0.14,C2
0.1,-0.48,C2
0.8,-0.21,C2
-0.1,-0.31,C2
0.4,0.36,C3
-0.85,-0.68,C2
0.51,0.37,C3
-0.76,0.9,C1
0.18,-0.16,C2
0.67,-0.25,C2
0.7,-0.68,C2
0.87,-0.62,C2
0.9,-0.78,C2
0.93,0.3,C3
-0.91,-0.11,C2
-0.76,0.48,C2
0.29,0.71,C3
-0.97,0.69,C1
-0.69,0.52,C1
0.73,-0.66,C2
0.12,0.73,C3
0.89,0.47,C3
0.03,0.66,C1
0.33,0.99,C3
0.58,-0.67,C2
-0.3,-0.66,C2
0.99,0.84,C3
0.07,-0.18,C2
0.37,0.03,C2
-0.02,0.0,C2
-0.39,-0.82,C2
-0.9,-0.5,C2
-0.2,0.71,C1
-0.15,-0.4,C2
-0.15,0.18,C2
-0.04,-0.38,C2
-0.8,-0.7,C2
0.19,0.45,C2
-0.16,-0.25,C2
0.93,0.94,C3
-0.15,-0.68,C2
0.36,-0.21,C2
-0.27,0.23,C2
0.31,-0.38,C2
0.26,-0.7,C2
-0.18,0.58,C1
0.38,-0.73,C2
-0.56,-0.5,C2
-0.18,-0.29,C2
-0.28,-0.88,C2
-0.74,0.43,C2
-0.8,0.82,C1
0.47,0.08,C2
-0.34,0.91,C1
-0.28,-0.51,C2
0.74,0.12,C3
0.82,0.77,C3
-0.66,0.93,C1
-0.02,0.91,C3
-0.65,0.03,C2
-0.01,0.95,C3
-0.44,-0.69,C2
0.92,0.74,C3
-0.3,-0.67,C2
-0.54,0.24,C2
-0.95,-0.7,C2
0.18,0.98,C3
0.27,0.84,C3
0.25,0.82,C3
-0.1,0.29,C2
-0.23,0.55,C1
0.28,-0.71,C2
0.38,0.69,C3
0.54,-0.21,C2
-0.65,0.6,C1
-0.82,-0.18,C2
-0.3,0.24,C2
0.36,-0.89,C2
-0.53,0.38,C2
0.0,-0.69,C2
0.74,0.53,C3
0.45,-0.09,C2
0.91,0.46,C3
0.37,0.57,C3
-0.53,0.91,C1
-0.51,0.59,C1
0.85,0.67,C3
-0.33,-0.24,C2
0.12,0.23,C2
-0.23,-0.78,C2
-0.85,-0.94,C2
-0.92,0.77,C1
-0.51,-0.77,C2
0.69,0.54,C3
-0.77,0.57,C1
-0.46,-0.45,C2
-0.25,0.33,C2
0.44,-0.62,C2
-0.96,-0.61,C2
0.42,-0.34,C2
0.33,0.62,C3
0.79,0.81,C3
-0.16,-0.56,C2
-0.17,-0.81,C2
-0.58,0.45,C2
0.63,-0.62,C2
-0.23,0.64,C1
0.58,0.13,C3
0.49,0.05,C2
0.04,0.88,C3
0.02,-0.37,C2
-0.04,-0.45,C2
-0.94,0.84,C1
0.73,-0.96,C2
-0.21,0.49,C2
-0.21,-0.07,C2
-0.91,0.69,C1
0.71,-0.07,C2
0.99,0.46,C3
-0.71,-0.71,C2
0.32,0.65,C3
0.48,-0.94,C2
-0.81,0.48,C2
-0.82,-0.89,C2
0.87,-0.98,C2
-0.02,-0.63,C2
0.49,0.07,C2
0.82,0.17,C3
0.16,-0.37,C2
0.21,-0.18,C2
0.06,-0.99,C2
0.25,-0.8,C2
0.43,-0.75,C2
-0.59,0.67,C1
0.14,-0.04,C2
-0.44,0.18,C2
0.81,0.19,C3
-0.3,-0.02,C2
-0.16,-0.63,C2
-0.19,0.33,C2
-0.38,0.57,C1
-0.31,-0.39,C2
-0.31,-0.14,C2
0.06,0.7,C3
0.98,-0.29,C2
0.6,0.34,C3
-0.77,0.42,C2
0.27,0.65,C3
-0.01,0.95,C3
-0.11,0.73,C1
-0.96,0.89,C1
-0.07,0.54,C1
-0.15,0.99,C3
0.96,0.86,C3
0.61,0.37,C3
-0.85,-0.64,C2
-0.8,-0.02,C2
0.91,0.03,C3
-0.74,-0.46,C2
0.52,0.28,C3
-0.42,-0.35,C2
0.73,-0.69,C2
-0.33,0.18,C2
0.55,0.7,C3
0.35,-0.42,C2
-0.52,0.79,C1
0.5,-0.57,C2
0.93,0.52,C3
0.94,-0.48,C2
-0.18,0.46,C2
-0.91,0.08,C2
-0.33,-0.82,C2
0.06,-0.02,C2
-0.77,-0.46,C2
0.95,0.39,C3
-0.55,0.59,C1
0.86,-0.3,C2
0.58,-0.65,C2
0.0,0.76,C3
-0.12,0.41,C2
-0.65,0.87,C1
0.28,0.04,C2
-0.32,0.93,C1
-0.71,0.39,C2
-0.69,-0.62,C2
-0.65,0.46,C2
-0.92,-0.38,C2
0.56,0.74,C3
0.02,0.07,C2
0.87,-0.72,C2
0.75,0.46,C3
0.17,0.73,C3
-0.52,-0.9,C2
-0.16,-0.74,C2
0.02,0.83,C3
0.26,-0.68,C2
-0.26,0.66,C1
-0.54,0.42,C2
0.22,0.37,C2
-0.63,-0.02,C2
-0.32,-0.5,C2
0.0,-0.77,C2
0.25,0.32,C2
0.29,0.42,C3
-0.56,-0.2,C2
-0.16,-0.44,C2
0.43,-0.45,C2
0.68,-0.59,C2
-0.23,-0.64,C2
0.26,-0.47,C2
0.48,-0.31,C2
0.33,0.89,C3
-0.8,-0.58,C2
0.57,0.45,C3
0.4,0.15,C2
0.23,-0.13,C2
-0.34,0.83,C1
-0.38,-0.49,C2
-0.84,-0.94,C2
0.15,-0.42,C2
-0.69,0.75,C1
0.53,0.86,C3
-0.5,0.24,C2
0.31,-0.62,C2
-0.23,0.68,C1
0.61,0.37,C3
0.41,-0.18,C2
0.11,0.4,C2
-0.31,0.04,C2
0.64,-0.28,C2
0.3,0.42,C3
-0.78,-0.73,C2
-0.26,0.63,C1
0.59,0.93,C3
0.32,0.36,C2
-0.58,-0.88,C2
-0.8,0.4,C2
0.69,-0.02,C2
0.8,-0.3,C2
-0.56,-0.85,C2
0.47,0.37,C3
-0.71,-0.97,C2
-0.67,0.7,C1
-0.07,0.34,C2
-0.79,-0.01,C2
0.29,0.97,C3
0.91,0.84,C3
-1.0,-0.21,C2
0.84,-0.6,C2
-0.8,0.42,C2
0.64,0.14,C3
-0.61,-0.05,C2
-0.05,0.78,C3
-0.14,0.42,C2
0.41,-0.43,C2
-0.72,0.88,C1
0.97,0.41,C3
-0.36,-0.42,C2
-0.85,0.79,C1
0.82,0.33,C3
0.81,0.73,C3
-0.28,0.87,C1
0.2,0.73,C3
-0.71,-0.16,C2
0.54,-0.77,C2
0.14,-0.46,C2
0.06,0.17,C2
-0.78,0.64,C1
0.36,0.97,C3
0.16,-0.31,C2
-0.87,0.76,C1
0.61,-0.35,C2
0.94,-0.96,C2
0.91,-0.01,C3
0.68,0.68,C3
-0.99,0.58,C1
0.06,-0.47,C2
-0.4,0.34,C2
-0.81,0.72,C1
-0.04,0.86,C3
0.86,0.91,C3
-0.86,-0.33,C2
-0.68,0.2,C2
0.49,0.87,C3
0.62,0.42,C3
0.58,-0.99,C2
0.39,0.14,C2
0.64,0.85,C3
-0.98,-0.57,C2
-0.16,-0.36,C2
0.05,0.51,C1
-0.18,-0.22,C2
-0.21,0.52,C1
-0.1,-0.4,C2
-0.98,0.84,C1
0.81,0.29,C3
0.63,0.42,C3
0.85,0.06,C3
0.1,0.87,C3
-0.38,0.07,C2
-0.34,0.05,C2
-0.44,-0.11,C2
-0.31,0.25,C2
0.87,-1.0,C2
0.39,0.42,C3
-0.02,0.26,C2
-0.28,0.49,C2
-0.16,0.59,C1
-0.77,0.14,C2
-0.36,0.82,C1
-0.08,0.05,C2
0.83,0.28,C3
-0.5,0.13,C2
0.76,-0.21,C2
0.27,0.16,C2
-0.99,-0.05,C2
-0.71,0.23,C2
-0.89,-0.97,C2
0.44,0.93,C3
-0.99,0.65,C1
0.5,0.33,C3
-0.35,-0.89,C2
-0.71,-0.28,C2
0.36,-0.46,C2
0.47,-0.13,C2
0.49,-0.67,C2
-0.75,0.18,C2
-0.04,-0.8,C2
0.54,-0.47,C2
0.44,0.62,C3
-0.56,0.73,C1
0.06,0.11,C2
0.28,0.53,C3
-0.71,0.27,C2
-0.64,-0.15,C2
-0.11,0.63,C1
-0.24,0.85,C1
-0.48,-0.29,C2
0.97,0.09,C3
-0.9,0.53,C1
-0.69,-0.76,C2
-0.62,0.59,C1
-0.55,-0.65,C2
0.48,0.86,C3
0.41,0.46,C3
0.78,-0.32,C2
-0.33,0.75,C1
0.89,-0.39,C2
-0.83,0.32,C2
0.06,0.66,C3
0.28,-0.95,C2
0.47,0.58,C3
0.46,-0.04,C2
0.9,0.86,C3
0.85,0.47,C3
-0.75,0.79,C1
-0.59,0.28,C2
0.96,-0.32,C2
-1.0,-0.14,C2
0.83,0.52,C3
0.2,0.05,C2
0.56,-0.89,C2
0.48,-0.38,C2
-0.13,-0.45,C2
-0.95,-0.85,C2
-0.37,-0.26,C2
-0.53,0.38,C2
-0.13,0.69,C1
0.73,-1.0,C2
-0.31,1.0,C1
0.86,0.08,C3
0.77,0.32,C3
0.86,0.15,C3
0.97,0.52,C3
-0.66,-0.52,C2
-0.89,0.63,C1
-0.24,0.1,C2
-0.99,-0.47,C2
-0.95,-0.77,C2
-0.01,-0.29,C2
-0.88,0.05,C2
0.17,0.84,C3
-0.59,0.94,C1
-0.6,-0.31,C2
0.6,0.72,C3
1.0,-0.9,C2
0.43,-0.02,C2
-0.99,-0.08,C2
0.0,-0.8,C2
-0.44,-0.37,C2
0.76,-0.82,C2
0.94,-0.61,C2
0.78,0.1,C3
-0.31,0.39,C2
0.6,0.0,C2
0.99,0.14,C3
0.13,0.5,C3
-0.09,-0.37,C2
0.11,-0.61,C2
-0.3,0.13,C2
-0.78,-0.52,C2
-0.63,0.79,C1
0.95,-0.13,C3
-0.42,0.66,C1
-0.3,-0.73,C2
-0.48,-0.44,C2
0.28,0.35,C2
-0.97,0.96,C1
-0.66,0.79,C1
0.45,0.24,C2
0.12,0.59,C3
0.21,0.76,C3
0.63,0.35,C3
0.77,0.72,C3
0.77,0.24,C3
-0.15,-0.08,C2
0.08,0.43,C2
-0.23,0.93,C3
-0.15,0.98,C3
0.56,-0.15,C2
0.95,-0.62,C2
0.39,-0.99,C2
0.54,0.46,C3
-0.8,0.55,C1
-0.87,-0.69,C2
0.55,-0.14,C2
0.17,0.34,C2
-0.65,0.03,C2
-0.82,-0.49,C2
0.22,-0.6,C2
-0.93,-0.87,C2
-0.42,-0.89,C2
-0.57,0.86,C1
0.15,-0.42,C2
-0.45,0.22,C2
0.94,0.59,C3
0.77,-0.34,C2
-0.49,0.5,C1
0.59,0.09,C2
-0.09,-0.84,C2
0.24,0.94,C3
0.0,-0.74,C2
0.05,-0.67,C2
-0.05,-0.45,C2
-0.74,0.43,C2
0.75,-0.41,C2
0.8,-0.01,C3
-0.56,0.92,C1
0.75,0.57,C3
0.72,0.31,C3
-0.02,0.54,C1
0.41,-0.24,C2
-0.52,0.73,C1
1.0,0.68,C3
-0.29,0.51,C1
0.45,-0.83,C2
0.61,0.32,C3
-0.02,-0.38,C2
-0.9,-0.82,C2
0.65,-0.29,C2
0.14,0.47,C2
-0.38,0.81,C1
-0.91,-0.85,C2
0.12,0.05,C2
0.33,0.27,C2
0.88,-0.08,C3
-0.06,0.37,C2
-0.61,-0.45,C2
0.39,-0.8,C2
-0.41,0.35,C2
-0.8,0.65,C1
0.5,-0.4,C2
0.97,-0.62,C2
-0.46,-0.97,C2
-0.74,-0.4,C2
-0.73,-0.63,C2
0.58,-0.97,C2
0.06,-0.62,C2
0.04,-0.53,C2
